Substance,ISO,Country,geo,Subnational desc,Y_1990,Y_1991,Y_1992,Y_1993,Y_1994,Y_1995,Y_1996,Y_1997,Y_1998,Y_1999,Y_2000,Y_2001,Y_2002,Y_2003,Y_2004,Y_2005,Y_2006,Y_2007,Y_2008,Y_2009,Y_2010,Y_2011,Y_2012,Y_2013,Y_2014,Y_2015,Y_2016,Y_2017,Y_2018,Y_2019,Y_2020,Y_2021,Y_2022,Y_2023,Y_2024
GWP_100_AR5_GHG,ABW,Aruba,,,220.32,246.86,272.00,273.56,309.07,338.72,229.58,368.72,377.76,382.74,348.03,351.09,376.49,426.81,441.16,478.27,487.74,522.83,515.30,550.74,528.91,340.92,405.71,440.54,469.92,491.52,515.07,496.69,494.97,540.01,519.08,538.33,567.49,569.50,588.72
GWP_100_AR5_GHG,AFG,Afghanistan,,,12931.55,13013.96,12065.81,12186.09,12247.31,12463.46,13735.24,14797.40,15647.83,16508.48,14364.94,12628.45,15228.57,15857.56,15993.34,16144.91,16338.50,17511.65,20859.99,23862.50,27768.53,31898.81,29759.35,28131.94,28354.54,28093.08,27164.74,30474.59,31935.81,32436.17,32400.17,32835.85,31912.14,32435.11,33034.84
GWP_100_AR5_GHG,AGO,Angola,,,34084.53,33399.06,32661.43,36630.46,47405.67,54625.32,65542.52,67282.01,73101.05,73837.69,68933.00,67211.38,64921.62,65375.93,70639.25,68698.81,61220.94,59728.51,63036.15,64538.42,71664.96,70561.94,72492.01,77026.25,78997.62,83536.86,80625.51,75433.64,70465.12,71208.75,63159.22,66601.92,68035.24,68280.79,69922.94
GWP_100_AR5_GHG,AIA,Anguilla,,,7.97,9.53,9.90,12.03,15.34,18.77,18.62,15.91,14.77,14.08,17.89,18.44,13.28,16.66,16.07,16.33,15.51,15.06,18.10,23.19,27.19,29.27,29.32,31.31,31.29,31.42,31.81,32.56,31.68,31.04,26.12,25.31,25.16,25.16,26.04
GWP_100_AR5_GHG,AIR,International aviation,,,264256.68,257138.94,265696.54,270898.59,284816.88,295649.07,307733.57,322567.85,333351.50,347522.94,360037.45,353823.79,374406.67,372288.41,408435.38,434717.50,450182.98,465329.76,472535.15,449629.62,475334.23,488254.15,490417.29,498900.38,513857.06,543596.04,567905.93,597733.37,623932.40,633217.05,299636.33,330748.41,477751.48,578330.74,622334.16
GWP_100_AR5_GHG,ALB,Albania,AL01,Veri,3733.81,2905.30,1962.40,1949.50,2175.39,2065.74,2018.56,1775.57,1840.85,2329.13,2389.53,2471.20,2649.83,2753.28,2814.77,2659.96,2745.25,2764.57,2683.65,2860.59,3113.84,3320.02,3155.24,3199.04,3291.51,3278.55,3061.41,3528.93,3538.80,3253.36,3181.14,3424.99,2955.03,2785.22,2740.31
GWP_100_AR5_GHG,ALB,Albania,AL02,Qender,3553.82,2798.96,1677.46,1695.31,1794.59,1680.41,1626.13,1407.56,1506.63,1759.68,1804.73,1874.71,1960.07,2086.23,2135.60,2012.62,2009.93,1986.73,1897.75,1899.48,2003.33,2101.80,1992.51,1992.83,2209.20,2095.30,2029.00,2315.99,2452.79,2246.56,2131.00,2396.53,2141.95,2143.21,2116.71
GWP_100_AR5_GHG,ALB,Albania,AL03,Jug,4210.73,3348.33,2531.49,2564.53,2937.28,2803.26,2637.70,2346.10,2441.41,2852.01,2940.04,2969.91,3271.21,3273.56,3336.75,3194.56,3153.69,3117.80,3042.96,2973.48,2927.66,3018.74,2971.76,3143.97,3309.77,3284.30,3176.69,3238.53,3105.31,3051.22,2579.76,2563.06,2491.52,2227.39,2164.45
GWP_100_AR5_GHG,ALB,Albania,,,,,,,,,,,,57.71,63.39,69.55,125.81,82.12,116.14,125.75,128.83,123.69,155.71,29.61,26.65,64.05,57.65,101.87,108.28,105.20,108.30,111.21,94.16,115.11,105.30,111.71,109.11,105.43,102.84
GWP_100_AR5_GHG,ANT,Curaçao,,,2844.07,2946.71,3080.62,2557.67,2865.96,2872.72,2902.72,5523.73,5712.97,5663.81,5886.14,5885.34,5625.43,5636.37,5855.19,6138.08,5996.12,6483.45,6416.04,6084.24,4440.39,5713.51,5800.31,5330.19,5871.38,5936.95,5161.73,4161.30,3368.96,2610.51,2193.63,2333.74,2410.18,2404.46,2492.67
GWP_100_AR5_GHG,ARE,United Arab Emirates,,,79503.67,87887.22,87420.94,94052.92,98940.66,103984.52,109083.86,110869.29,111937.19,114688.56,117226.02,129743.47,131314.42,139410.55,146051.81,155519.23,162324.98,172835.81,200391.42,201499.31,209693.26,217382.00,226717.27,238577.45,242049.74,254207.26,262189.46,254267.21,238779.50,251893.83,249749.04,255352.46,255592.73,254307.32,264148.37
GWP_100_AR5_GHG,ARG,Argentina,,,253065.22,256909.85,258914.68,260777.43,266299.32,269119.83,276373.82,281285.69,285170.67,291770.16,288445.33,285500.70,284541.34,305899.50,324653.30,329384.57,342681.53,354363.06,357015.90,333452.15,337310.51,343825.50,351325.16,360023.68,359812.71,366040.81,369182.72,372696.43,372510.51,369602.00,354158.27,371318.18,383535.36,377674.54,374344.61
GWP_100_AR5_GHG,ARM,Armenia,,,24306.83,24869.46,14019.90,7678.56,5280.92,5960.36,5001.17,5702.82,5726.64,5352.76,5862.48,5998.38,5547.19,5993.97,6477.90,7220.03,7189.26,8134.38,8611.37,7339.60,7071.44,7698.04,8567.64,8611.07,8968.50,8896.53,8731.31,8935.33,9079.55,9560.28,10281.78,10908.03,11221.55,10725.98,10780.58
GWP_100_AR5_GHG,ASM,American Samoa,,,7.34,7.42,7.50,7.58,7.66,7.74,7.80,7.87,7.94,8.01,8.07,8.79,8.84,8.89,8.87,8.86,8.84,8.83,8.76,8.73,8.72,8.72,8.71,8.73,8.75,8.77,8.78,8.79,8.78,8.79,8.83,8.86,8.86,8.87,8.88
GWP_100_AR5_GHG,ATG,Antigua and Barbuda,,,246.62,248.26,249.96,247.08,263.75,272.79,271.29,283.12,288.70,292.23,225.42,222.88,240.70,255.09,258.76,265.19,288.70,307.00,322.74,357.37,347.39,279.68,293.99,327.37,347.75,359.30,384.16,346.13,355.69,409.91,393.10,399.07,411.20,415.08,426.85
GWP_100_AR5_GHG,AUS,Australia,,,460699.91,463507.68,465523.61,470059.82,474146.06,482243.94,495314.32,508107.91,529156.86,535808.51,545708.16,555246.99,564952.29,553808.64,575645.82,577228.30,584428.84,592235.31,590422.72,597631.73,598752.54,610735.00,614851.06,604924.97,597200.25,600750.16,595968.12,612942.52,608065.61,605153.98,579547.45,576189.06,571780.76,587513.10,591453.96
GWP_100_AR5_GHG,AUT,Austria,AT11,Burgenland,2037.88,2185.52,2147.43,2158.02,2166.93,2230.54,2377.19,2271.10,2351.38,2314.34,2263.96,2409.18,2502.61,2615.08,2684.26,2716.89,2651.93,2603.16,2532.72,2403.77,2541.63,2463.67,2410.66,2475.03,2401.49,2449.01,2488.04,2540.24,2496.43,2499.04,2318.40,2417.13,2240.56,2153.61,2126.02
GWP_100_AR5_GHG,AUT,Austria,AT12,Niederösterreich,21822.04,23011.83,21395.43,21731.93,22064.98,22608.51,23223.83,23039.84,22931.53,21972.28,21959.04,23237.51,23906.66,25873.83,26468.27,26923.61,26458.54,26212.01,25685.69,22812.58,24655.56,24498.92,23311.94,23443.62,22320.03,22626.54,21276.45,22026.67,21549.21,22225.75,19161.24,19938.08,19594.07,18776.65,18616.64
GWP_100_AR5_GHG,AUT,Austria,AT13,Wien,4645.52,5015.49,4707.66,4641.35,4566.99,4755.19,5241.86,4782.19,4720.47,4739.66,4299.94,5386.69,5409.00,5503.38,5408.97,5604.09,5295.64,4831.97,4800.91,5910.22,6206.56,5646.76,4977.51,4646.81,4189.43,4618.24,4835.76,5285.37,4873.85,5004.03,4586.47,5192.91,4793.13,4159.53,4107.01
GWP_100_AR5_GHG,AUT,Austria,AT21,Kärnten,5111.61,5421.46,5348.24,5330.50,5254.31,5289.12,6059.93,6009.75,6012.99,5897.14,6001.09,6467.38,6703.29,7077.46,7187.16,7115.35,6984.67,6951.87,6706.36,6314.02,6585.48,6518.11,5697.59,5855.13,5710.12,5776.73,5863.56,5989.42,5985.79,5947.54,5579.36,5791.45,5434.76,5110.90,5051.06
GWP_100_AR5_GHG,AUT,Austria,AT22,Steiermark,17067.70,18040.02,16160.97,16219.87,16362.74,16826.94,17441.07,17737.06,17622.70,17136.33,16934.05,17680.65,17366.69,18367.39,18381.22,18379.33,17864.74,16327.57,16230.04,14585.72,15565.89,15453.53,15655.88,15925.78,15020.69,15331.73,15857.24,16477.95,15766.31,15796.66,15286.82,15014.86,14284.85,13360.58,13265.15
GWP_100_AR5_GHG,AUT,Austria,AT31,Oberösterreich,19511.73,20093.78,18743.30,18423.34,18653.81,19979.63,20731.40,20817.80,20816.98,20520.51,21417.77,21713.25,22478.39,23258.15,23154.94,22983.10,22316.10,22003.70,22688.24,19724.48,21941.32,21555.53,20960.32,20961.58,20411.65,20406.00,21115.48,21057.37,19828.28,20373.70,19565.45,20724.02,19526.95,18413.86,18328.86
GWP_100_AR5_GHG,AUT,Austria,AT32,Salzburg,3852.66,4094.36,3992.44,3980.88,3927.58,3976.13,4192.61,4161.08,4230.57,4117.71,4095.23,4551.80,4682.54,4847.38,4897.47,4924.04,4813.21,4696.85,4673.65,4365.23,4480.57,4324.50,4220.39,4276.59,4124.07,4245.03,4347.27,4424.84,4381.26,4366.86,4091.66,4287.09,4000.15,3738.47,3696.71
GWP_100_AR5_GHG,AUT,Austria,AT33,Tirol,4198.05,4489.47,4416.51,4411.42,4354.91,4485.45,4757.86,4535.54,4708.39,4655.34,4574.42,4869.63,5003.75,5206.34,5292.09,5310.13,5178.23,5033.10,4966.22,4689.61,4852.13,4671.91,4594.50,4718.96,4541.53,4654.50,4734.44,4817.93,4730.43,4736.67,4426.21,4637.84,4276.13,4048.48,3996.66
GWP_100_AR5_GHG,AUT,Austria,AT34,Vorarlberg,1836.84,1974.07,1940.73,1941.45,1919.25,2002.40,2115.90,1996.12,2067.92,2049.20,1989.48,2119.51,2166.56,2260.69,2300.67,2309.68,2256.89,2174.77,2147.58,2026.34,2128.74,2030.89,1994.02,2029.42,1940.62,1990.58,2018.23,2074.63,2007.18,2016.87,1882.23,1987.66,1808.23,1711.05,1687.95
GWP_100_AR5_GHG,AUT,Austria,,,93.44,99.64,105.92,118.32,124.51,124.68,137.08,140.17,155.67,155.66,146.46,140.26,143.37,143.45,159.22,160.49,168.60,169.83,166.19,165.03,163.16,166.13,154.63,157.40,161.01,163.36,164.29,163.25,173.86,167.10,74.81,87.05,120.39,123.22,123.86
GWP_100_AR5_GHG,AZE,Azerbaijan,,,67673.39,65863.29,55329.24,49015.30,43498.25,42671.11,37268.98,36555.21,36984.58,37961.57,39687.77,39027.72,38874.52,41690.14,41665.37,44539.42,46218.15,46628.33,51141.85,45504.92,44485.03,46923.79,50028.60,51262.50,53094.15,52971.49,52698.74,52425.94,53136.46,55943.30,54333.82,56596.09,59236.26,60991.82,58279.79
GWP_100_AR5_GHG,BDI,Burundi,,,3046.47,3179.52,3134.02,3187.55,3162.48,3286.27,3393.11,3445.78,3426.35,2986.34,3051.81,3034.13,3002.96,3043.64,3195.37,3310.23,3514.88,3786.31,3771.34,4009.71,4363.10,4633.92,4631.06,5750.50,5703.84,5691.15,6025.87,6713.54,7017.28,6757.39,6761.68,7904.72,7709.86,8187.16,8421.72
GWP_100_AR5_GHG,BEL,Belgium,BE10,Région de Bruxelles-Capitale/ Brussels Hoofdstedelijk Gewest,3494.40,3811.06,3828.70,3746.02,3704.30,3821.19,4265.30,4069.63,4123.57,3985.68,3849.98,4026.80,3842.82,4075.95,4046.92,3962.90,3764.96,3510.03,3981.05,3749.34,3978.88,3402.52,3475.40,3733.13,3169.69,3499.85,3486.38,3431.35,3447.96,3366.59,3248.66,3416.17,2962.39,2917.94,2888.55
GWP_100_AR5_GHG,BEL,Belgium,BE21,Prov. Antwerpen,21531.20,23303.85,22978.54,20468.20,20592.55,20326.39,21717.50,21374.92,20926.34,20317.97,20312.74,20512.96,19825.16,20306.21,20116.81,20959.09,20707.77,20367.31,21294.79,20817.96,21302.88,17996.09,18373.75,18039.55,17210.48,17969.42,17969.86,18388.43,18613.00,18940.60,17372.63,17684.18,16293.98,15882.08,15846.64
GWP_100_AR5_GHG,BEL,Belgium,BE22,Prov. Limburg (BE),9395.71,9742.35,9707.28,9350.38,9663.26,9752.27,10045.69,9607.65,9587.83,8857.38,8954.33,9128.76,8832.04,9036.06,8771.42,8662.77,8271.64,8340.51,8490.48,8027.89,8229.15,8957.65,8928.40,9285.28,10442.66,10890.18,9404.28,7043.70,7034.81,6991.24,6532.97,6746.66,6332.46,6026.82,6029.53
GWP_100_AR5_GHG,BEL,Belgium,BE23,Prov. Oost-Vlaanderen,23540.10,23662.67,22992.25,22824.48,24229.72,24058.71,24496.68,23687.17,26253.36,25246.50,25939.06,24707.84,22578.22,23395.37,22585.69,21584.08,21229.83,21110.45,21300.87,19906.20,22901.86,20980.56,20615.07,21091.26,19159.87,19738.70,21110.46,21329.52,21312.02,21032.10,19282.13,20036.82,19028.48,17966.50,18406.43
GWP_100_AR5_GHG,BEL,Belgium,BE24,Prov. Vlaams-Brabant,8133.02,8480.76,8227.31,11711.73,10853.57,11073.91,11775.66,11706.07,11174.52,11039.28,10587.11,11505.54,11180.97,11733.56,12533.93,12016.80,11549.33,10975.90,10640.95,10385.65,10497.03,9242.61,9178.13,9200.31,8488.72,9059.15,9053.20,9227.16,9218.56,9166.27,8492.07,8727.51,8253.63,7811.60,7826.20
GWP_100_AR5_GHG,BEL,Belgium,BE25,Prov. West-Vlaanderen,10909.36,11658.80,11743.14,11412.82,11675.55,12047.14,12750.95,12515.70,14730.86,14899.17,14456.54,14201.08,13768.05,13962.64,14274.46,13709.60,13433.81,13098.59,13159.20,12905.78,13047.46,11768.85,11936.32,11972.82,11202.91,11703.85,11710.61,11649.24,11688.47,11644.90,10977.76,11249.55,10621.97,10182.27,10148.17
GWP_100_AR5_GHG,BEL,Belgium,BE31,Prov. Brabant wallon,2940.61,3071.89,3099.61,3083.50,3180.58,3229.59,3424.09,3327.57,3359.90,3325.88,3251.18,3351.18,3156.51,3272.25,3304.19,3207.84,3137.39,3044.59,3234.35,3057.12,3139.73,2898.18,3057.99,3134.76,2953.60,3118.95,3158.65,3114.21,3156.68,3117.39,2880.63,2987.26,2843.95,2777.75,2797.91
GWP_100_AR5_GHG,BEL,Belgium,BE32,Prov. Hainaut,27990.63,27912.83,27521.61,27107.77,28784.88,29186.60,29866.16,28894.45,29239.08,28356.45,28931.93,29880.17,28935.65,28740.17,27801.20,27573.86,27155.79,26887.18,26396.24,25735.65,27837.39,26272.67,25984.61,26213.96,25604.11,26106.44,26190.58,26061.61,26184.68,25970.12,24738.49,25507.14,23632.34,22382.86,22490.05
GWP_100_AR5_GHG,BEL,Belgium,BE33,Prov. Liège,20333.78,20499.01,19634.66,18219.08,21889.78,21917.16,22246.79,21948.71,21360.62,20909.84,21421.16,20788.03,19003.71,19807.32,19609.15,18597.40,18009.50,17453.33,17775.07,15251.36,16795.50,16415.67,14825.49,14534.77,12311.28,12581.14,12607.69,12617.38,12734.79,12860.38,11832.14,12302.89,11641.68,11097.46,11171.84
GWP_100_AR5_GHG,BEL,Belgium,BE34,Prov. Luxembourg (BE),3792.22,3868.73,3992.53,4045.16,4152.31,4232.19,4401.48,4328.68,4309.85,4329.55,4364.54,4477.86,4410.81,4572.13,4686.80,4587.78,4468.12,4460.28,4574.72,4410.55,4468.24,4146.10,4134.91,4223.06,4041.39,4294.42,4285.54,4235.17,4226.95,4200.00,3810.52,4058.16,3888.67,3873.15,3898.40
GWP_100_AR5_GHG,BEL,Belgium,BE35,Prov. Namur,7880.11,7987.25,7923.89,7694.04,8118.68,8121.75,8274.85,8164.69,8239.76,8191.74,8904.26,8685.40,8184.98,8501.18,8591.50,8312.85,8257.10,8142.26,8235.72,7378.17,7791.69,7338.57,7078.78,7322.62,7470.15,7784.36,6696.07,6545.32,6648.00,6697.70,6106.07,6406.71,6084.41,5926.01,5948.61
GWP_100_AR5_GHG,BEL,Belgium,,,631.65,632.43,714.97,752.11,850.53,940.24,979.78,1060.83,1103.54,1020.44,933.76,892.68,805.70,901.88,797.59,740.53,483.70,504.58,502.10,426.51,505.20,485.54,470.01,479.95,457.17,445.97,429.81,437.48,430.79,405.33,398.05,398.36,404.42,381.82,371.70
GWP_100_AR5_GHG,BEN,Benin,,,3838.91,3930.37,4035.15,4055.96,4388.84,4169.17,5111.51,5391.10,5408.25,5754.66,5974.48,6505.45,6955.44,7319.24,7636.77,8082.13,9340.56,10051.85,10163.39,10688.80,11548.75,11643.95,11591.28,12313.74,12941.47,13499.58,15174.97,15519.99,16930.61,17138.12,17664.30,16185.29,17053.14,17353.94,17767.05
GWP_100_AR5_GHG,BFA,Burkina Faso,,,11306.68,11897.66,12022.04,12314.43,12706.13,13128.34,13543.33,14036.17,14456.89,13841.97,14180.97,15852.94,16240.78,19548.61,19809.26,20476.72,20953.18,21823.12,22970.25,23475.47,24323.59,24990.54,25954.51,26970.50,27292.33,29009.98,29872.90,31000.00,32602.62,33774.75,30195.24,35436.89,35742.64,34592.12,34917.75
GWP_100_AR5_GHG,BGD,Bangladesh,,,74874.47,74986.19,77649.12,79414.77,82339.46,88460.18,89971.75,92516.60,93616.27,98303.57,100352.60,106952.25,110024.28,112993.62,115586.70,119673.07,124198.95,128730.64,135770.95,140713.26,148330.55,153310.61,158705.18,161798.44,168311.97,177462.28,186209.81,195450.56,200538.96,205744.37,202742.90,219364.98,222979.36,215833.65,220826.72
GWP_100_AR5_GHG,BGR,Bulgaria,BG31,Severozapaden,8591.21,6876.21,6207.33,5908.21,5823.31,5975.57,5971.81,5451.86,5237.08,4775.62,4728.89,4705.36,4689.77,5325.36,5088.93,5316.92,5651.75,5972.82,5847.68,4750.94,5693.62,5796.47,5427.28,5056.26,5367.99,5644.77,5790.79,5858.65,5774.26,5605.17,5317.21,5759.58,5671.53,5189.68,5164.40
GWP_100_AR5_GHG,BGR,Bulgaria,BG32,Severen tsentralen,8178.11,6948.41,6672.41,6573.33,5960.24,5626.81,5709.74,5920.91,5999.81,5393.95,5058.74,5232.66,5117.37,5548.53,5543.55,5225.14,5311.51,5601.65,5434.97,4638.71,4936.58,5209.51,5052.98,4680.62,4989.54,5047.17,5298.55,5409.93,5205.19,5124.31,4767.59,5275.95,5556.86,4543.10,4307.23
GWP_100_AR5_GHG,BGR,Bulgaria,BG33,Severoiztochen,17047.86,14028.05,13235.36,12945.17,12450.97,12735.79,12728.06,12846.43,12165.38,10669.83,10771.35,11427.70,10741.98,11921.03,11736.77,12120.96,12473.89,13414.23,13308.89,11720.63,12347.53,12694.54,11810.97,10862.93,10707.81,10516.96,6995.81,7700.10,7646.12,8496.03,8204.20,9039.30,8636.93,7843.87,7682.13
GWP_100_AR5_GHG,BGR,Bulgaria,BG34,Yugoiztochen,31993.27,27413.42,26075.44,25806.86,23677.29,24185.61,24519.99,21944.69,21757.95,19504.24,18766.64,20313.24,18907.27,20513.13,20306.36,20658.11,20966.71,22740.69,22512.04,20800.74,21336.73,25580.41,22955.84,20495.41,22241.02,23619.58,24169.00,25110.55,22656.19,21325.42,18078.12,21120.67,25339.35,16966.79,14516.53
GWP_100_AR5_GHG,BGR,Bulgaria,BG41,Yugozapaden,22362.88,17970.79,17252.03,17525.56,17429.11,17348.64,17458.66,17669.84,16352.20,15010.38,14568.88,14341.95,13674.47,15364.40,14398.61,14401.71,14636.21,14870.65,13129.71,11103.07,11205.58,11487.33,10909.36,9911.21,10874.51,11223.25,11188.85,11407.98,10991.39,10393.42,9647.69,10772.14,11196.25,9162.15,8974.03
GWP_100_AR5_GHG,BGR,Bulgaria,BG42,Yuzhen tsentralen,12387.56,10244.87,9249.31,8663.32,8535.18,8928.42,9009.59,8602.61,7979.00,6982.21,6908.11,6692.76,6349.87,6953.18,6929.22,7214.15,7137.25,7310.23,6651.19,5578.79,6073.19,6468.62,6244.80,6002.81,6316.98,6626.57,6807.04,7018.96,7033.63,6827.48,6556.04,7188.66,6317.77,5941.07,6013.45
GWP_100_AR5_GHG,BGR,Bulgaria,,,193.73,12.50,12.58,12.60,22.00,18.90,22.23,83.83,74.56,170.48,61.96,136.31,80.55,71.26,59.02,40.38,74.56,123.92,40.28,71.26,46.47,65.06,34.08,37.18,27.89,40.28,58.86,62.11,52.84,21.72,11.68,15.63,24.50,18.01,18.81
GWP_100_AR5_GHG,BHR,Bahrain,,,29066.50,28615.99,32827.40,34930.95,34877.31,34738.47,36057.60,33451.56,34971.41,37028.65,37586.49,38609.69,38113.02,37759.71,37694.90,41152.33,42769.67,43879.91,47369.20,47952.16,48294.23,48662.51,52425.62,56994.92,58815.70,59005.31,59239.53,59075.91,59128.79,63037.21,63246.35,63506.17,64913.35,64902.21,64422.18
GWP_100_AR5_GHG,BHS,Bahamas,,,1307.16,1202.05,1067.11,1094.58,1194.66,1356.61,1496.37,1510.78,1711.85,1562.71,1258.42,1259.07,1359.90,1081.11,1155.21,1145.33,1388.56,1616.90,1669.11,1436.51,1592.77,1170.51,1337.50,1420.07,1466.65,1453.85,1584.56,1721.60,1553.92,1806.39,1530.73,1815.22,1780.03,1789.06,1843.87
GWP_100_AR5_GHG,BIH,Bosnia and Herzegovina,,,32871.81,29791.13,22876.34,19568.36,6551.44,6564.94,7258.57,12559.63,15718.78,16143.18,19867.54,19405.13,20503.85,20920.77,22433.76,23181.15,25355.92,26612.75,28074.95,27860.50,28409.02,31696.36,29639.33,29402.95,27885.98,27846.37,31252.50,31852.24,32255.90,30552.98,30474.86,30351.71,30073.30,28199.45,27626.66
GWP_100_AR5_GHG,BLR,Belarus,,,144971.28,140091.73,128470.02,114318.57,100761.99,92071.89,91931.73,91917.23,90292.02,87739.84,84980.26,83599.15,83451.78,83825.46,87235.78,87962.43,90829.14,89579.35,96342.71,93483.94,98522.14,96136.35,97816.12,98195.73,97473.91,92587.98,91703.38,93459.13,96677.54,94428.17,91718.11,91891.57,89203.03,86933.05,87491.36
GWP_100_AR5_GHG,BLZ,Belize,,,437.39,455.34,454.41,433.87,437.13,419.30,401.56,495.71,516.39,535.90,471.11,492.74,505.45,534.62,513.93,537.70,631.53,659.48,671.27,729.26,770.93,741.41,716.33,780.82,736.61,790.42,814.72,856.26,856.88,991.06,917.54,942.25,973.40,1001.17,1034.68
GWP_100_AR5_GHG,BMU,Bermuda,,,281.94,256.80,207.89,229.34,227.47,228.63,232.60,238.41,243.80,246.84,177.57,176.03,193.21,198.85,200.85,214.27,260.97,307.54,309.44,273.49,338.91,179.68,204.31,224.75,300.78,258.58,341.06,314.08,328.99,330.02,239.98,270.75,283.68,296.79,305.68
GWP_100_AR5_GHG,BOL,Bolivia,,,29429.90,31311.67,32628.47,34946.55,37034.29,29438.46,29461.19,33889.09,31393.90,30550.93,29995.32,28588.18,29755.53,30782.08,32109.39,32704.65,33837.75,35846.94,37058.31,38458.76,41820.61,42677.33,44506.84,46311.53,47367.15,48384.08,50110.86,50772.90,51474.01,52395.67,49243.06,53385.62,55432.03,57212.83,63757.20
GWP_100_AR5_GHG,BRA,Brazil,,,649235.99,676336.97,697805.74,723735.34,752795.67,789780.56,794463.82,818731.56,833857.71,849053.62,870334.08,882100.52,904526.04,934419.84,983418.68,1000644.87,1004579.14,1024210.21,1057606.71,1032205.79,1110027.09,1146649.55,1180008.79,1215943.09,1248609.30,1233223.20,1208307.60,1219238.86,1195921.37,1200306.04,1196009.99,1277187.04,1278542.17,1297170.75,1299180.21
GWP_100_AR5_GHG,BRB,Barbados,,,856.18,827.57,815.63,776.81,764.77,776.65,769.82,866.62,933.18,967.18,839.29,801.08,829.21,858.34,852.96,866.62,904.14,872.37,994.04,1003.41,1021.24,880.02,839.88,924.02,860.86,912.60,967.37,877.79,976.56,1067.25,865.48,851.14,890.76,888.88,912.05
GWP_100_AR5_GHG,BRN,Brunei,,,5851.63,6373.63,6587.15,6906.30,7039.20,7324.42,7692.89,8202.14,7670.51,8154.32,8486.17,8729.79,7897.67,8912.12,8410.29,8090.84,11323.59,10808.78,12905.79,11018.42,9979.05,10677.93,10341.50,10278.76,10487.16,9777.24,10185.27,10182.88,10411.96,10082.14,12755.64,12534.26,11906.79,12061.24,11865.49
GWP_100_AR5_GHG,BTN,Bhutan,,,1131.06,1025.24,991.17,1022.13,1095.36,1252.34,1277.20,1291.69,1313.24,1345.12,1350.35,1364.66,1403.78,1435.56,1447.65,1578.35,1664.51,1686.61,1727.77,1885.64,2008.32,2232.83,2178.62,2296.13,2341.23,2530.88,2683.65,2769.38,3068.55,3115.90,2717.41,2854.10,2799.53,2792.71,2806.32
GWP_100_AR5_GHG,BWA,Botswana,,,9270.63,8281.74,8529.01,8356.13,8409.68,9441.25,8565.77,8796.92,9644.61,10345.31,10949.60,10247.11,10038.68,9468.84,9427.34,10135.53,10019.28,10197.66,10896.96,10274.07,10651.09,11328.51,9908.83,11812.69,12854.81,13198.31,12378.41,12843.38,13753.05,12420.45,10951.55,12256.47,12532.07,12607.70,12097.73
GWP_100_AR5_GHG,CAF,Central African Republic,,,7600.67,8100.86,8082.02,7540.97,8191.39,8400.91,8737.91,7848.14,9163.31,8967.94,9168.30,9603.35,8560.76,9696.29,9042.82,9752.54,9816.42,10858.21,10892.41,10251.40,10922.75,11843.82,11578.66,11525.48,11456.12,11878.58,12649.90,12141.51,12469.42,12274.55,12602.90,12756.29,13079.00,12777.66,13444.29
GWP_100_AR5_GHG,CAN,Canada,,,590515.61,586092.27,602676.62,607863.95,633895.62,649808.49,667760.40,681390.45,690851.32,701352.06,724389.01,715458.05,737719.23,757219.63,745884.39,767172.94,763161.57,784751.05,760763.67,720439.80,741340.05,758562.97,754665.39,765478.35,776273.89,768754.49,765244.96,785924.63,809059.59,805499.62,728511.23,742930.13,761362.61,755239.25,768058.92
GWP_100_AR5_GHG,CHE,Switzerland and Liechtenstein,CH01,Région lémanique,9830.27,10299.78,10185.26,9806.10,9561.25,9694.37,10055.61,9704.62,10008.74,10025.60,9913.59,10190.77,9876.89,10198.39,10500.77,10635.50,10559.05,10050.38,10515.78,10801.24,11280.18,10263.71,10618.47,10833.22,10089.25,9518.41,9825.06,9635.88,9360.82,9343.92,8898.26,9206.14,8496.76,8032.72,8033.18
GWP_100_AR5_GHG,CHE,Switzerland and Liechtenstein,CH02,Espace Mittelland,13143.23,13722.79,13701.28,13112.78,13001.59,13134.67,13223.01,12920.86,13182.13,13319.07,13204.72,13575.81,13223.48,13449.82,13597.65,13780.94,13742.23,13321.43,13588.29,13009.94,13502.88,12708.68,12927.87,13372.69,12591.36,12571.94,12461.83,12204.98,11915.87,11832.89,11288.08,11655.97,10974.35,10761.83,10784.30
GWP_100_AR5_GHG,CHE,Switzerland and Liechtenstein,CH03,Nordwestschweiz,7666.97,7963.24,7836.30,7447.37,7379.19,7437.00,7427.69,7259.42,7433.16,7483.13,7398.44,7653.05,7375.25,7530.61,7597.59,7703.58,7651.30,7394.48,7623.28,7356.97,7590.90,7051.28,7267.00,7337.50,6905.61,6882.37,6974.95,6863.28,6656.50,6640.48,6320.17,6588.30,6128.60,6315.05,6338.93
GWP_100_AR5_GHG,CHE,Switzerland and Liechtenstein,CH04,Zürich,6243.10,6658.17,6710.72,6342.73,6145.19,6387.89,6487.64,6253.74,6575.99,6487.15,6225.11,6474.09,6228.68,6471.43,6503.89,6600.52,6398.87,6057.48,6269.32,5990.20,6225.38,5587.98,5851.25,5999.63,5362.86,5448.09,5515.80,5393.27,5175.73,5154.90,4846.52,5137.17,4630.38,4528.26,4543.94
GWP_100_AR5_GHG,CHE,Switzerland and Liechtenstein,CH05,Ostschweiz,9044.84,9383.98,9298.70,8917.41,8800.50,8904.94,8911.82,8685.06,8923.08,8895.53,8790.58,9017.06,8696.97,8878.06,8934.95,9041.24,8925.05,8607.62,8746.04,8407.94,8541.43,8020.41,8057.16,8263.81,7730.14,7624.76,7710.55,7651.18,7437.41,7396.16,7061.68,7349.85,6863.05,6734.48,6764.05
GWP_100_AR5_GHG,CHE,Switzerland and Liechtenstein,CH06,Zentralschweiz,5576.31,5806.81,5822.98,5533.87,5428.49,5474.80,5543.17,5441.64,5598.12,5543.99,5528.39,5641.46,5491.36,5631.04,5655.31,5722.18,5586.27,5400.20,5595.07,5425.05,5548.95,5206.85,5359.15,5476.98,5134.62,5117.08,5139.65,5049.29,4943.70,4928.36,4661.51,4852.72,4559.56,4516.39,4535.18
GWP_100_AR5_GHG,CHE,Switzerland and Liechtenstein,CH07,Ticino,1979.72,2093.23,2116.63,2027.03,2020.22,2069.71,2088.06,2055.95,2150.74,2148.05,2132.67,2196.78,2146.95,2198.21,2208.69,2248.94,2236.82,2156.14,2220.15,2109.62,2170.38,2035.30,2099.10,2126.67,1996.96,1999.49,2019.87,1992.92,1955.14,1948.12,1848.45,1907.65,1781.53,1756.69,1758.80
GWP_100_AR5_GHG,CHE,Switzerland and Liechtenstein,,,489.95,458.88,471.18,415.41,294.50,331.70,285.15,263.46,260.46,372.33,322.79,276.32,350.58,285.70,229.76,195.69,164.75,251.36,263.73,248.24,276.12,251.34,307.80,335.71,279.98,286.18,301.48,251.73,307.30,310.57,247.85,222.11,251.56,229.45,234.05
GWP_100_AR5_GHG,CHL,Chile,,,54782.46,53334.38,55169.70,57666.07,61416.30,66522.32,73656.48,80358.55,80940.08,84374.03,80963.60,79237.91,79796.14,81960.81,87434.59,88087.18,89455.78,98218.35,102600.10,98962.70,101604.10,112207.88,116229.60,118725.85,110950.92,116642.42,121921.07,124599.15,126786.72,133297.66,126156.09,127209.85,129528.20,116837.41,118120.88
GWP_100_AR5_GHG,CHN,China,CHN.1_1,Anhui,166485.25,169311.84,175256.20,183305.75,189079.53,207255.34,205616.85,205684.11,208088.37,205993.40,210096.51,220846.08,228442.69,248113.26,273347.11,305580.89,330536.51,375525.82,414093.03,432225.21,462981.18,498700.52,510037.91,536916.22,548614.75,553792.46,559118.70,554923.81,590769.86,595545.59,595956.27,617936.80,631698.38,650731.03,662052.38
GWP_100_AR5_GHG,CHN,China,CHN.10_1,Hebei,249538.32,262123.07,271122.07,290295.12,306665.49,346763.15,344449.09,338020.71,343368.91,336624.42,358795.99,377469.12,408876.49,450590.21,503235.28,576492.98,625753.07,674989.75,693149.27,766970.56,822629.21,874523.76,908111.62,950340.91,964287.04,920720.27,900313.66,909833.87,955592.62,987846.00,991616.90,992572.83,960651.64,971677.17,960005.86
GWP_100_AR5_GHG,CHN,China,CHN.11_1,Heilongjiang,135949.05,141151.65,144694.02,144930.21,146351.20,156565.67,155576.09,153541.08,146412.65,149233.90,149001.13,152961.28,161881.83,172191.97,185262.77,196302.52,204059.96,210218.93,210308.63,215587.40,226832.93,237300.97,239981.21,243365.16,237929.14,236168.30,233370.72,240105.29,244625.66,245805.92,249225.76,258648.30,259923.81,264360.71,264920.73
GWP_100_AR5_GHG,CHN,China,CHN.12_1,Henan,222469.42,229782.02,237029.32,248670.00,256652.26,287993.61,287698.94,287608.70,290941.45,287221.32,284881.42,302770.99,320616.87,364434.54,433828.88,487955.48,536120.38,580190.61,596061.91,625356.30,667872.23,724999.92,746552.80,769394.18,760134.08,753363.21,738017.22,740502.76,766200.20,784004.61,789110.00,821579.12,808831.79,818214.15,816605.86
GWP_100_AR5_GHG,CHN,China,CHN.13_1,Hubei,148251.33,156759.00,158197.47,163367.57,175500.53,188979.70,183933.30,196220.43,200643.96,199131.35,207236.52,208415.76,217389.32,243037.70,280123.03,300821.65,342864.50,354554.13,364501.28,397440.86,426303.29,452298.49,473625.32,489361.82,503684.24,502742.49,496273.22,498305.56,518265.99,538257.95,542229.11,561341.40,563585.40,593642.95,594331.21
GWP_100_AR5_GHG,CHN,China,CHN.14_1,Hunan,133730.84,134145.15,138700.44,140262.53,142694.99,152054.11,148726.10,148961.27,152075.90,147548.49,146659.60,149729.40,154407.27,168692.11,194723.60,208737.27,233630.44,262010.09,261230.93,276935.48,286548.29,309022.95,317415.76,323498.88,318809.38,315327.58,316204.15,314073.81,319334.91,319051.91,316074.09,334818.14,334477.72,352308.38,351604.92
GWP_100_AR5_GHG,CHN,China,CHN.15_1,Jiangsu,230056.66,238649.10,246332.62,278339.76,295927.70,324683.67,314289.33,311168.96,329066.38,320772.82,335663.75,354971.07,370786.61,429313.70,506730.76,611568.20,683779.71,704119.40,720999.52,767880.74,842910.52,918183.80,946879.36,997886.37,1008182.42,967083.07,968380.87,993796.53,1031542.15,1054266.60,1044920.51,1086024.71,1077290.40,1101582.53,1103828.43
GWP_100_AR5_GHG,CHN,China,CHN.16_1,Jiangxi,101602.65,103162.48,105217.84,108061.01,109960.79,119362.20,118027.23,120631.84,122691.32,119523.53,122314.82,125431.76,132699.01,147704.00,162816.97,177213.55,185709.04,204573.90,207275.97,222271.70,229993.70,250222.67,258460.85,263107.61,261160.28,260569.92,262676.99,262718.39,279318.38,280170.87,286447.26,306832.72,319365.29,323150.17,332261.58
GWP_100_AR5_GHG,CHN,China,CHN.17_1,Jilin,73877.08,77806.79,79475.05,79509.55,83163.51,90684.18,88148.36,87430.64,84021.88,83370.59,88661.58,93458.84,99318.92,106958.30,115052.82,124442.78,134860.77,142203.47,136032.96,156044.39,173767.28,191499.64,195321.25,198218.77,198932.25,191867.39,188450.03,188593.84,197480.04,197796.29,196199.74,201434.53,199866.41,206422.10,204453.58
GWP_100_AR5_GHG,CHN,China,CHN.18_1,Liaoning,163273.01,172585.02,171085.59,181317.06,192015.24,206968.69,207246.62,212972.51,209232.38,204228.52,230076.04,229009.92,243558.09,265591.36,288027.10,315849.00,338720.92,367820.74,375680.91,394833.80,448359.07,477571.08,498277.54,511241.65,518128.74,505153.54,485214.48,498393.41,525244.88,538230.01,535384.26,562335.29,574334.13,587902.70,593974.56
GWP_100_AR5_GHG,CHN,China,CHN.19_1,Nei Mongol,232471.37,235280.17,241029.28,249843.58,260447.89,285648.13,294086.29,265801.41,284419.81,294917.05,308158.05,308316.70,319866.46,361538.32,403831.05,454882.97,514419.92,571456.84,595321.36,610556.78,667411.22,733837.34,730649.95,761215.81,759155.49,748669.21,745659.44,787647.08,819465.96,849669.61,870079.11,952404.18,997969.89,1090093.59,1093770.58
GWP_100_AR5_GHG,CHN,China,CHN.2_1,Beijing,37540.35,38171.72,38334.57,39787.26,41206.95,43897.78,41910.17,40920.07,40466.38,47091.90,49497.29,50627.45,53056.24,56361.90,62192.71,69614.35,73056.89,71959.22,70222.66,73770.22,80846.84,84803.92,88497.76,86973.43,88524.65,87752.44,83017.86,84742.39,83873.53,83805.31,84628.28,86230.94,84756.82,84704.59,84301.03
GWP_100_AR5_GHG,CHN,China,CHN.20_1,Ningxia Hui,46459.89,49480.14,52659.24,53916.22,55252.87,59478.30,58765.39,59247.51,58810.54,57759.62,58209.80,59173.81,63352.88,72339.69,79849.54,85580.85,105028.66,112437.43,110416.61,116779.77,143657.94,168417.53,168714.61,172357.09,167301.25,160931.05,162871.19,180779.99,200063.94,219490.09,218456.25,240374.11,238423.24,245934.03,244295.13
GWP_100_AR5_GHG,CHN,China,CHN.21_1,Qinghai,23104.55,23785.61,24410.51,25361.88,28120.02,30788.25,30671.40,29057.52,29736.94,30177.57,32838.30,32633.13,34854.92,38394.28,43965.40,47640.36,55207.32,63788.11,65510.65,63457.12,67959.34,72312.91,74044.45,76489.13,76919.72,83276.30,84979.84,85218.00,88246.03,87196.60,86654.96,89975.39,89287.53,92013.65,96493.17
GWP_100_AR5_GHG,CHN,China,CHN.22_1,Shaanxi,116804.11,118703.15,121767.36,123764.48,127020.42,140874.52,149211.90,146050.13,144581.20,140972.47,146938.84,154609.79,163031.65,184375.81,212330.18,239107.39,257768.77,287025.54,305175.42,322198.55,347786.44,390533.98,391944.77,414598.30,410751.47,414330.83,404194.71,409410.36,445760.66,475151.26,493224.49,519492.46,528592.15,569823.14,599284.23
GWP_100_AR5_GHG,CHN,China,CHN.23_1,Shandong,347344.17,357733.47,366297.25,393001.35,411415.93,445497.07,443680.40,449935.80,458801.70,443988.64,459639.51,481372.69,535760.52,643829.70,722615.92,779565.95,848924.06,890532.18,904473.62,957628.58,1015601.32,1087136.10,1122595.79,1183061.56,1192379.02,1193712.50,1212130.41,1228042.13,1272529.55,1309496.29,1327365.71,1363022.21,1346010.27,1356191.23,1365079.59
GWP_100_AR5_GHG,CHN,China,CHN.24_1,Shanghai,65246.71,71119.50,79766.39,84951.46,89995.48,99974.95,97291.29,102888.63,101552.95,96346.95,106587.06,105260.88,117949.01,131808.44,155885.08,164404.09,174092.93,175327.28,183800.02,206652.26,232957.04,245576.41,251432.59,254651.67,258422.93,261208.38,249242.98,253472.74,260218.21,270124.32,266067.83,278533.96,286371.42,296500.96,289677.72
GWP_100_AR5_GHG,CHN,China,CHN.25_1,Shanxi,210982.52,220132.76,227544.36,236430.05,250688.57,271487.09,269662.58,268576.08,268302.81,260229.22,273090.14,287784.04,321157.96,370042.34,419246.71,495149.33,528203.82,562428.36,571751.66,612187.04,650203.72,727826.76,756176.35,773458.92,761566.25,738094.62,716671.42,723415.37,745409.26,757409.52,758338.35,816434.17,838408.12,878687.00,880256.69
GWP_100_AR5_GHG,CHN,China,CHN.26_1,Sichuan,145634.10,149242.12,148263.68,153920.44,157269.07,169872.50,163792.40,167822.82,166087.83,163965.40,164650.49,166441.99,171513.14,182305.34,203416.79,228809.18,250538.64,270941.76,271876.95,279444.69,290524.46,321118.50,327256.04,334642.52,331956.82,324604.08,318747.52,316919.71,320831.84,316546.96,312211.93,330548.96,326031.03,330706.01,336089.77
GWP_100_AR5_GHG,CHN,China,CHN.27_1,Tianjin,29457.91,32894.31,37207.23,40225.48,44818.87,48276.69,50795.82,48781.38,50155.44,50559.52,53515.30,57353.56,59330.90,64006.66,69538.00,90345.72,92968.81,93747.78,95946.19,118538.32,131403.62,137807.55,140971.80,144959.85,150322.17,144372.57,140615.22,142400.60,153123.58,158024.99,156160.49,161043.57,160731.32,165393.60,165065.39
GWP_100_AR5_GHG,CHN,China,CHN.28_1,Xinjiang Uygur,85801.95,87998.70,92467.46,93407.29,97170.94,106474.47,107707.90,105374.26,102900.50,99947.59,107150.09,111689.41,115915.15,130218.52,146266.60,159569.20,175720.67,180668.91,189413.32,197373.95,219720.18,261294.88,290179.22,322584.12,372165.64,392263.79,408357.15,443296.33,474869.29,490100.04,504380.49,544190.49,547211.20,575896.98,574293.44
GWP_100_AR5_GHG,CHN,China,CHN.29_1,Xizang,15364.09,15851.84,16237.72,16563.83,17170.44,18612.23,19082.29,18021.37,18625.50,18626.96,19435.50,19737.25,20221.04,21532.24,23845.90,25247.73,26501.06,27327.62,28210.73,28939.33,30122.61,32006.27,32718.54,33424.60,33102.49,33561.09,33662.56,33169.04,33435.39,33345.85,33219.18,33755.37,32587.54,32980.33,32626.82
GWP_100_AR5_GHG,CHN,China,CHN.3_1,Chongqing,50242.30,53798.15,57599.24,59037.18,60204.85,63933.78,61358.97,65354.86,70791.86,68882.76,67892.44,69235.93,72321.35,78956.39,88235.61,97437.65,115407.55,122645.46,127249.38,132110.96,137878.03,146503.40,149045.91,161003.63,170435.21,171979.63,177757.95,180229.28,185289.22,186611.19,187031.99,191574.73,191704.90,198742.42,198908.96
GWP_100_AR5_GHG,CHN,China,CHN.30_1,Yunnan,77209.75,78489.54,82828.13,84282.66,86184.22,92421.52,88764.41,93222.02,95297.89,95324.98,102142.52,104865.66,108717.87,123162.07,140283.09,151794.74,172123.83,187630.18,192126.21,199145.13,210479.76,226427.50,242767.37,250789.21,247428.71,243558.90,238400.67,238577.96,242526.34,241761.54,240745.65,242791.96,236026.67,238817.86,238926.03
GWP_100_AR5_GHG,CHN,China,CHN.31_1,Zhejiang,96000.49,104987.18,108822.08,117645.59,124215.40,140770.99,139026.24,138276.13,144735.85,142789.91,157367.91,164834.12,174111.00,199498.96,232127.95,264853.27,311759.66,327870.59,351859.75,377162.73,404718.26,438863.74,441047.13,454189.01,473799.32,476046.02,472647.73,477782.65,490036.63,490807.96,496137.69,518056.70,512627.48,531442.99,550951.35
GWP_100_AR5_GHG,CHN,China,CHN.4_1,Fujian,71537.92,72531.41,73689.86,77631.51,80850.34,86752.98,88376.18,87800.03,95845.79,99129.18,102509.54,118488.80,128124.89,143351.47,162265.36,176548.76,205014.34,213507.44,219649.91,234030.99,255166.78,283885.94,290822.99,293305.78,295840.29,293212.62,289747.06,302224.68,314610.36,318088.03,318012.96,339624.86,339179.34,341582.18,342995.57
GWP_100_AR5_GHG,CHN,China,CHN.5_1,Gansu,75505.36,77998.01,80486.82,81087.36,82223.50,89239.67,88565.41,88921.41,88122.42,91348.61,94623.34,97681.74,101746.24,116312.00,130074.65,143939.44,153821.54,170271.87,169627.92,179815.35,196549.22,218289.79,222929.75,228192.40,226021.31,224849.80,221041.23,228264.21,234206.28,236339.60,241946.42,255217.52,254672.93,270146.14,280575.95
GWP_100_AR5_GHG,CHN,China,CHN.6_1,Guangdong,154753.88,162067.00,171648.18,198861.19,209430.49,232383.41,249601.68,293653.52,329480.90,320070.02,333700.81,349632.41,366747.93,412269.63,470541.03,535326.63,570739.88,584904.93,591866.61,636299.38,769510.64,877959.76,900020.60,972871.92,1003384.84,984437.44,1018948.66,1033195.43,1111798.16,1139511.41,1214585.80,1246232.57,1241196.82,1299293.83,1325164.95
GWP_100_AR5_GHG,CHN,China,CHN.7_1,Guangxi,105401.70,106954.06,108956.74,111095.04,115674.61,124713.74,119567.76,120718.56,123082.10,120186.89,130260.74,134403.18,140742.27,155424.75,185727.34,206631.29,219685.36,255768.09,259539.26,278373.78,292948.72,319712.29,338146.32,346263.43,349296.00,343040.47,360297.62,362469.67,372716.35,372176.55,392827.76,410042.79,414414.18,423851.53,432458.21
GWP_100_AR5_GHG,CHN,China,CHN.8_1,Guizhou,64562.25,65915.31,66204.23,68202.74,70929.82,77646.55,76855.19,76577.62,81482.83,80045.87,79046.07,81629.46,88436.61,108717.43,126171.05,141397.23,167451.33,177010.16,170036.03,182958.32,184553.61,200267.39,202439.97,222339.24,221824.50,215669.82,228373.15,234961.92,245940.49,251169.51,257589.10,265372.07,264931.04,270760.79,279177.59
GWP_100_AR5_GHG,CHN,China,CHN.9_1,Hainan,19304.67,19543.70,19861.83,20670.80,21439.00,22822.77,22027.11,22119.31,22678.31,22856.81,23540.05,24368.28,25548.34,27794.61,34200.27,36124.70,39794.01,42769.90,42905.24,48206.14,50568.43,52884.30,56781.56,57543.29,56213.59,57945.34,57949.77,57534.26,58179.53,57995.70,59727.12,60705.38,61030.89,61557.32,61154.72
GWP_100_AR5_GHG,CHN,China,,,16780.09,17354.86,21884.05,23989.85,24860.13,29450.60,56491.68,43272.32,35706.01,51526.12,59711.08,59869.97,64347.65,74017.23,75775.74,75460.89,85074.53,90116.88,79981.97,85696.39,93278.67,95015.95,105719.85,120361.56,128523.45,130736.51,139752.83,155592.43,159424.61,167064.14,163674.10,177345.36,135211.33,186671.38,180535.67
GWP_100_AR5_GHG,CIV,Côte d’Ivoire,,,9937.56,10253.78,10387.01,10616.74,11481.08,12089.02,13439.84,14717.52,14496.67,16414.78,16324.11,16532.04,17309.92,15851.38,16658.89,17595.77,17748.17,18159.12,19018.12,18416.82,19820.33,20444.48,23025.07,24339.42,25286.81,26375.05,27502.05,28425.44,27906.54,29810.58,30140.62,35056.13,36520.84,36728.83,38026.70
GWP_100_AR5_GHG,CMR,Cameroon,,,30084.82,29300.29,28259.97,27493.23,26686.98,27283.52,28548.15,28043.49,28715.46,29365.16,30692.92,30810.40,29612.55,30355.21,30109.82,30305.19,29593.38,30400.99,30189.86,31069.63,30500.42,30193.39,30969.39,32889.62,35292.47,38553.46,38979.24,37754.64,38169.57,38891.90,39594.73,39836.21,40348.45,40358.04,40621.86
GWP_100_AR5_GHG,COD,Democratic Republic of the Congo,,,25332.28,23022.43,23640.97,25475.72,23338.19,23985.55,25085.13,23766.17,24499.51,23934.30,26349.05,24366.94,23235.51,24507.56,25034.61,25669.68,26236.20,27004.45,27682.35,27674.25,28802.81,29878.62,36802.20,38760.12,40734.68,42257.05,42751.25,44424.35,45108.59,46792.64,49627.78,52844.04,55977.97,57201.03,58491.69
GWP_100_AR5_GHG,COG,Congo,,,10902.99,10783.76,10858.51,11196.79,9809.62,12133.80,15665.64,16315.45,19579.49,19945.69,21669.68,20209.07,13245.35,14971.80,16161.65,19767.83,21764.30,18708.58,18528.06,20203.37,22004.11,21125.32,20359.62,19778.77,20212.24,20050.35,19751.84,21421.60,25101.55,26268.70,25154.41,23298.00,24421.01,24416.63,24623.03
GWP_100_AR5_GHG,COK,Cook Islands,,,51.93,39.90,57.95,59.70,62.02,57.74,58.57,60.35,62.37,60.82,73.82,73.63,45.89,43.01,62.67,94.92,97.83,85.69,87.53,79.23,96.50,107.16,112.12,117.22,124.21,113.17,118.67,113.67,122.28,122.17,86.33,97.22,107.11,107.50,112.08
GWP_100_AR5_GHG,COL,Colombia,,,132235.10,133800.95,139083.80,143613.65,144958.12,150111.25,150239.16,157592.48,159555.31,147748.55,153072.53,153853.88,152607.14,153267.93,153866.47,157566.34,156408.90,161213.90,162342.00,167793.74,173798.23,177254.67,175287.85,185402.22,185351.39,187044.39,190772.61,187125.77,195878.31,201093.33,199645.52,212698.89,209760.76,215476.62,217585.73
GWP_100_AR5_GHG,COM,Comoros,,,311.73,300.77,298.43,304.46,310.59,321.48,332.04,337.98,359.82,386.03,419.40,424.04,435.84,460.18,479.46,484.38,515.39,465.09,471.27,506.07,535.04,529.02,542.48,581.96,570.48,592.63,632.50,702.21,656.80,692.17,745.24,875.93,919.50,936.90,949.39
GWP_100_AR5_GHG,CPV,Cabo Verde,,,215.67,240.29,268.65,271.86,268.87,298.00,286.27,301.71,322.34,342.36,529.16,565.69,606.16,543.88,580.53,803.01,854.71,941.29,917.22,908.34,955.86,1080.25,956.80,942.74,989.28,1009.25,1055.02,1098.72,1003.85,1050.89,844.17,872.58,909.81,883.04,912.56
GWP_100_AR5_GHG,CRI,Costa Rica,,,9594.85,9880.35,11073.72,11079.82,11499.46,10958.07,10913.96,10931.36,11493.03,11252.74,10988.07,11137.42,11151.77,11584.12,11856.27,12262.37,12831.73,13941.92,14123.07,13948.23,14106.79,14527.61,14128.33,14472.52,14692.41,14490.79,15171.88,15518.94,15998.29,15852.93,14347.65,15427.77,15685.04,16726.72,17076.87
GWP_100_AR5_GHG,CUB,Cuba,,,59031.76,49708.77,42952.43,39149.08,40149.87,41107.78,43859.73,46362.03,45234.80,45725.69,46027.86,44457.10,43060.71,42151.62,41309.98,41511.86,42843.63,43846.13,43267.66,43749.15,44540.78,44365.68,45492.35,46009.72,44113.43,46213.80,44140.76,43109.80,43453.04,38999.65,34483.96,37742.25,34996.99,35099.95,35985.72
GWP_100_AR5_GHG,CYM,Cayman Islands,,,129.79,127.97,130.81,122.35,143.12,149.94,149.45,153.78,158.13,160.65,151.23,150.86,163.86,172.14,161.35,169.19,187.40,230.50,249.14,253.24,273.45,225.13,216.40,242.75,258.83,278.36,291.49,309.85,338.91,425.41,363.28,345.77,391.22,392.73,405.94
GWP_100_AR5_GHG,CYP,Cyprus,CY00,Kýpros,5581.43,6121.63,6527.07,6814.45,7093.19,6985.51,7382.26,7460.27,7792.06,8071.94,8337.12,8262.52,8489.64,9169.33,9123.84,9233.54,9352.05,9665.15,9876.66,9683.68,9353.51,9136.70,8603.97,7924.58,8339.71,8406.48,8828.70,9025.03,8926.67,8969.91,8607.38,8748.87,9040.02,9093.55,9328.74
GWP_100_AR5_GHG,CYP,Cyprus,,,,,,,,,,,,,,,,,,,,,,,,,,,,,,7.92,7.77,6.96,5.53,7.46,15.41,14.21,14.44
GWP_100_AR5_GHG,CZE,Czechia,CZ01,Praha,8952.29,8174.22,7382.06,7570.84,6937.77,6607.22,6545.30,6485.61,6189.64,5783.95,6211.23,6145.93,5911.98,6091.96,6079.86,5718.63,5954.51,5807.74,5971.28,5604.13,5754.56,5542.94,5468.56,5367.16,5195.02,5314.21,5348.86,5429.70,5379.06,5230.40,4957.51,5202.07,4976.03,4411.77,4202.93
GWP_100_AR5_GHG,CZE,Czechia,CZ02,Střední Čechy,21064.57,19316.87,18417.65,19454.59,18397.12,18080.06,17864.28,17479.82,16821.64,16421.27,19524.94,19640.03,19012.16,19489.62,19335.17,19107.08,19620.94,20208.53,19443.15,18729.37,19524.58,19213.38,18608.58,18703.70,18949.59,19198.18,18570.45,19136.34,19016.37,18205.77,16280.91,17384.93,15298.91,14089.42,13236.17
GWP_100_AR5_GHG,CZE,Czechia,CZ03,Jihozápad,19667.96,17252.83,16401.16,15722.54,13949.83,13274.91,13599.04,13248.77,13277.60,12707.00,13596.84,13653.92,13364.73,13752.81,13744.70,13445.12,13832.43,13800.46,13459.78,12651.32,12935.15,12643.97,12366.86,12406.57,12357.14,12657.49,12668.00,12823.84,12606.00,12300.50,11559.84,12050.25,11727.98,11016.10,10785.60
GWP_100_AR5_GHG,CZE,Czechia,CZ04,Severozápad,47544.21,45152.91,43557.73,42654.88,43076.27,44809.15,50825.73,49403.69,45683.03,44199.46,49127.94,48046.65,46114.94,47075.73,47737.21,47478.87,47054.01,47642.28,44229.36,43562.26,43636.57,43099.66,41618.33,37714.52,37449.93,37511.72,39883.36,38951.36,38552.04,36500.01,34208.36,34279.32,35856.43,30843.30,26767.43
GWP_100_AR5_GHG,CZE,Czechia,CZ05,Severovýchod,28615.11,26545.85,25059.72,24767.71,23190.56,22713.23,23161.45,22670.34,21687.91,20558.56,22177.60,22151.31,21427.58,21638.87,21476.60,21051.23,21464.33,21888.65,21367.06,20137.31,20344.12,19676.80,19006.66,18971.99,18601.25,18861.82,18496.05,18794.80,18492.40,17655.03,15825.74,17376.13,17815.32,15824.40,14552.70
GWP_100_AR5_GHG,CZE,Czechia,CZ06,Jihovýchod,23421.27,20886.59,19824.57,18180.66,16601.32,15975.31,14808.48,14577.65,14680.76,13960.02,14691.57,14865.52,14400.53,14939.53,15040.69,14569.09,14885.06,14893.22,15022.86,14103.56,15108.49,14917.20,14603.51,14398.82,13712.51,14090.14,14318.73,14579.68,14440.71,14267.14,13778.20,14235.58,13885.18,13016.45,12789.64
GWP_100_AR5_GHG,CZE,Czechia,CZ07,Střední Morava,13939.21,12427.41,11437.76,11374.30,10239.58,9729.70,9579.52,9458.18,9131.13,8669.69,9218.81,9331.02,9036.66,9274.87,9275.03,8948.48,9261.26,9238.42,9077.82,8470.52,8729.84,8682.87,8424.50,8541.19,8391.89,8592.91,8705.54,8860.31,8723.89,8588.96,8168.23,8447.71,8260.43,7623.17,7413.43
GWP_100_AR5_GHG,CZE,Czechia,CZ08,Moravskoslezsko,36377.02,30239.38,30110.05,26021.38,25610.50,25802.21,25681.21,25008.26,24322.39,21591.70,23455.47,24182.02,23037.05,23048.97,23453.37,22721.46,22711.66,23084.20,21616.69,19861.65,18932.80,18659.97,18091.27,17608.57,17188.68,17175.28,16554.46,16731.84,16536.74,15287.60,13332.18,14517.56,14067.77,11977.16,10599.47
GWP_100_AR5_GHG,CZE,Czechia,,,,,,,,,21.69,159.25,267.50,164.82,133.66,177.31,121.19,189.35,152.35,105.79,68.70,127.47,152.17,111.98,102.60,142.78,81.01,65.25,65.34,124.20,139.78,170.76,111.81,158.46,136.68,31.35,28.16,31.35,31.85
GWP_100_AR5_GHG,DEU,Germany,DE11,Stuttgart,43082.58,43577.93,41010.15,40092.57,38729.99,38047.32,39003.18,39056.36,38646.34,36727.82,35989.05,37036.58,36034.47,36499.40,35883.79,35032.90,35229.39,33454.69,33372.26,31592.49,32631.29,31205.81,31866.54,33124.17,31242.83,31039.44,30155.46,29561.85,29020.38,27105.42,24643.51,26141.15,27324.15,23750.92,22697.23
GWP_100_AR5_GHG,DEU,Germany,DE12,Karlsruhe,35051.01,34838.19,33071.21,35505.19,34707.94,34492.16,35232.94,33740.34,34269.76,32808.28,32252.31,32977.41,32375.95,32354.36,31976.20,31234.26,31526.57,30701.94,30624.53,28526.80,29985.55,28930.90,29288.20,30179.20,33357.30,37274.13,35452.65,34466.94,34098.40,30677.12,27501.51,29802.50,32349.39,27034.38,25850.49
GWP_100_AR5_GHG,DEU,Germany,DE13,Freiburg,28589.83,27602.31,25685.00,25485.62,25809.46,25665.68,25204.18,24553.25,25163.02,23642.50,23767.05,23416.92,22638.40,23071.30,22462.68,21678.14,22649.38,20556.07,21220.14,19734.46,21137.98,20701.29,19981.82,19610.88,18256.13,19191.36,19428.67,18824.49,21846.02,21031.81,19790.28,20668.30,20256.64,19773.87,19385.47
GWP_100_AR5_GHG,DEU,Germany,DE14,Tübingen,19091.42,19290.67,18316.28,18377.96,17893.02,18066.21,18031.52,17612.73,17533.61,16822.77,16340.52,16171.63,15566.89,15443.32,15356.09,14883.25,14939.96,14395.91,14541.81,13199.78,14462.54,13902.63,13756.05,14205.61,13771.63,14242.91,14758.63,14799.10,14428.16,14427.69,13920.64,13890.72,13272.68,12767.96,12790.99
GWP_100_AR5_GHG,DEU,Germany,DE21,Oberbayern,41848.09,44536.80,41923.38,41477.73,40381.69,40224.01,40691.78,39104.98,38817.49,37227.48,36084.18,37198.37,36050.64,36536.10,37080.24,36256.03,36299.91,34311.86,35381.43,32829.18,35877.10,34701.40,34139.01,34971.92,33224.22,33357.84,34493.70,34363.02,33550.45,33080.98,31627.53,32125.87,31442.86,29567.08,29550.19
GWP_100_AR5_GHG,DEU,Germany,DE22,Niederbayern,12482.26,12456.26,11812.87,11950.49,11690.57,11695.97,11994.14,11717.49,11840.15,11433.85,11189.77,11183.26,10852.95,10765.05,10652.38,10368.33,10342.50,9716.37,10017.45,9719.22,10305.06,9875.71,9982.48,10221.74,9914.50,10043.60,10182.93,10237.53,10055.64,10102.99,9676.65,9585.77,9349.25,8938.54,9090.50
GWP_100_AR5_GHG,DEU,Germany,DE23,Oberpfalz,14928.01,14896.01,14169.39,14224.26,13974.73,14040.34,14173.75,13826.54,13832.81,13352.62,13089.68,13001.74,12660.91,12634.50,10912.35,10577.60,10590.50,10181.65,10572.05,10141.43,10482.25,10093.26,9978.73,10310.70,10135.48,10279.11,10554.86,10581.73,10384.97,10375.28,9999.74,9909.96,9558.86,9194.86,9260.53
GWP_100_AR5_GHG,DEU,Germany,DE24,Oberfranken,10519.76,10603.24,10061.99,10150.34,9873.81,9883.03,10128.89,9845.33,9858.52,9458.13,9252.48,9318.06,9007.74,8875.53,8120.03,7836.71,7841.04,7301.12,7488.17,7106.64,7429.17,7097.05,7095.02,7323.48,7100.14,7261.38,7409.53,7450.80,7248.68,7303.67,6897.98,6879.30,6670.08,6397.91,6466.79
GWP_100_AR5_GHG,DEU,Germany,DE25,Mittelfranken,17034.89,16921.25,15804.17,15781.51,15564.54,15555.72,16082.84,15519.94,15445.28,14871.78,14348.50,14903.57,14487.32,12448.29,12179.21,12301.88,12295.97,11279.06,11718.84,10855.97,11323.90,10640.44,10507.04,10635.84,10036.24,9992.36,10366.35,10432.81,10133.30,10296.89,9893.53,9870.11,9346.36,8955.45,9087.29
GWP_100_AR5_GHG,DEU,Germany,DE26,Unterfranken,14822.80,14775.29,14089.08,14169.99,13904.99,14184.97,14419.43,14022.31,14029.55,13527.37,13227.00,11679.70,11308.41,11214.80,11122.13,10854.70,10874.90,10458.03,10646.23,10027.04,10655.04,10410.09,10275.92,10462.72,10188.59,10176.14,10393.22,10521.37,10250.39,10301.32,9947.31,9917.31,9465.31,9036.35,9140.89
GWP_100_AR5_GHG,DEU,Germany,DE27,Schwaben,15821.15,15878.74,14936.67,15085.62,14682.92,14805.80,15009.53,14650.13,14709.77,14131.01,13754.84,13751.30,13236.31,13203.80,13112.80,12781.67,12801.52,12037.98,12476.65,11745.18,12188.23,11610.11,11599.72,12078.00,11673.78,11944.55,11992.54,12068.02,11782.07,11832.90,11356.74,11319.86,10837.23,10674.53,10784.52
GWP_100_AR5_GHG,DEU,Germany,DE30,Berlin,25569.33,25566.15,23880.35,23445.52,22656.03,22386.23,24504.77,23104.60,22188.56,21052.16,20527.89,21774.15,21146.53,20713.81,20092.67,19607.79,19984.11,18474.08,17774.62,16577.69,17347.86,16164.95,16452.36,17013.85,15690.66,15598.22,15839.43,15663.13,13935.11,13521.61,12695.10,13160.39,12927.87,11563.84,11492.02
GWP_100_AR5_GHG,DEU,Germany,DE40,Brandenburg,66447.60,63862.48,60931.50,59819.56,59165.49,58875.84,59687.16,62012.63,65730.81,63792.97,62682.15,63478.17,62610.17,62565.71,61770.45,59765.10,60060.40,59557.52,58043.48,54525.77,56244.40,55381.40,55362.11,57412.32,55426.00,55016.62,54363.25,53373.72,52538.87,47531.70,42647.90,45583.42,49333.34,41767.80,40124.32
GWP_100_AR5_GHG,DEU,Germany,DE50,Bremen,14622.92,14198.44,13264.32,12971.22,12872.94,12674.54,12880.38,12224.59,12097.90,11404.78,11354.04,11714.17,11536.60,11741.74,11444.27,11131.89,11458.49,11157.32,10491.95,9735.52,10356.62,10164.28,10316.04,10803.82,10194.65,10356.55,10639.06,8814.75,8740.98,7679.36,6983.63,7527.00,6474.86,5817.05,5574.15
GWP_100_AR5_GHG,DEU,Germany,DE60,Hamburg,10370.78,10447.96,9713.80,11045.34,10694.67,10583.27,11018.12,10501.85,10270.75,9773.13,9612.76,9848.58,9520.22,9263.75,9033.99,8872.67,9017.14,8251.43,8602.98,8350.75,8852.05,8146.19,8395.89,8217.67,7631.42,15884.98,15640.99,15080.94,14926.55,13142.52,11625.81,12743.79,7056.09,6419.91,6477.70
GWP_100_AR5_GHG,DEU,Germany,DE71,Darmstadt,35092.06,35223.84,36238.72,35901.15,35238.82,35081.83,35934.27,34411.07,33937.19,32532.00,31654.27,32692.64,31756.61,32035.07,31455.28,30465.74,31051.89,29683.11,29775.21,27581.86,28952.12,27524.30,27684.32,25580.67,22651.45,22892.20,23546.64,23361.49,22702.18,22110.65,20745.15,21396.38,21059.83,19816.94,19617.26
GWP_100_AR5_GHG,DEU,Germany,DE72,Gießen,10479.71,10532.35,9982.31,10030.41,9846.25,9849.15,9932.25,9648.89,9637.02,9182.47,9014.11,8943.82,8624.63,8534.85,8408.59,8072.11,8194.87,7671.74,7914.33,7485.80,7601.89,7560.60,7475.06,7666.52,7398.12,7622.25,7721.35,7780.32,7557.96,7598.82,7211.95,7216.79,6968.23,6696.86,6709.63
GWP_100_AR5_GHG,DEU,Germany,DE73,Kassel,12397.60,12533.49,11890.82,11984.33,11700.40,11745.01,12001.32,11678.88,11616.22,11205.08,10948.67,10973.44,10618.83,10466.22,10357.43,9992.41,10006.04,9443.58,9658.50,9369.72,9770.21,9489.28,9513.57,9755.86,9437.25,9572.02,9793.25,9834.16,9520.29,9565.40,9017.35,9027.27,8739.92,8334.30,8395.78
GWP_100_AR5_GHG,DEU,Germany,DE80,Mecklenburg-Vorpommern,26321.67,25823.77,24356.98,24306.14,26952.94,26885.98,27523.79,26928.83,26613.89,25856.23,25398.49,25319.33,24791.78,24538.27,24161.42,23488.90,23317.80,22509.15,23073.99,21687.34,22658.15,21935.81,22044.82,22410.67,21916.58,22018.30,22163.25,22004.92,21196.33,20580.68,19488.57,19639.69,19402.91,18063.21,18044.35
GWP_100_AR5_GHG,DEU,Germany,DE91,Braunschweig,31644.44,30952.81,29135.97,28673.24,28497.30,28231.95,28510.13,27314.00,27222.31,25773.85,26421.90,26766.07,24573.54,24835.63,24311.68,23538.38,24174.88,23275.18,22931.47,20677.55,23111.99,22744.38,22714.92,23210.07,22265.17,22201.79,22841.52,21915.08,21533.02,19677.53,17521.77,17544.34,17874.89,16103.15,15527.36
GWP_100_AR5_GHG,DEU,Germany,DE92,Hannover,22504.53,22443.46,21128.44,21197.42,20888.48,20843.82,21415.29,20661.58,20193.40,19437.00,18883.34,19211.40,18673.31,18362.24,18001.97,17384.93,17457.65,16479.27,16935.49,16183.23,16659.12,16364.71,16260.00,16573.99,15844.68,15822.57,16173.88,16004.99,15596.00,15376.94,14682.78,14759.80,14293.99,13343.45,13379.28
GWP_100_AR5_GHG,DEU,Germany,DE93,Lüneburg,21694.35,21541.16,19216.98,19100.65,18530.43,18877.08,19189.92,18726.25,18770.26,18001.64,18738.91,17894.24,17935.41,17107.57,17588.09,16469.05,15942.78,15542.44,15237.10,13764.44,14583.39,14007.02,13977.97,14331.88,14093.15,14407.74,14742.81,14782.87,14396.94,14350.08,13579.34,13528.21,12941.30,12474.05,12551.84
GWP_100_AR5_GHG,DEU,Germany,DE94,Weser-Ems,46044.28,45109.36,42017.94,41885.58,41874.76,41635.01,42125.07,40852.09,40963.02,39533.38,38526.25,39244.79,38366.66,38875.12,38117.88,37063.41,37158.87,35726.68,36061.24,33440.04,36285.06,35156.38,34715.26,35123.24,33724.90,37707.15,38234.98,37846.05,37268.01,35425.08,33046.84,33829.19,30394.09,28465.03,28255.73
GWP_100_AR5_GHG,DEU,Germany,DEA1,Düsseldorf,120634.41,114780.73,108436.24,104961.58,104023.55,102271.07,103920.33,98744.22,96665.43,91504.68,92219.88,94412.39,93069.69,95275.71,93440.11,90728.69,92653.09,90759.55,88927.35,79733.39,86161.14,84467.19,92959.63,91515.28,84094.66,81753.47,81417.47,79393.32,68353.69,60621.09,53939.86,58402.13,55703.63,47006.23,45078.62
GWP_100_AR5_GHG,DEU,Germany,DEA2,Köln,83608.21,79937.59,76586.22,74581.03,72247.30,71902.36,72996.96,69348.14,67808.26,64878.82,63577.38,63569.77,67741.72,67786.45,67371.72,66229.27,67614.97,69025.39,67181.74,62219.01,64413.07,62490.52,62644.23,62033.50,58620.34,57680.51,58261.49,56519.08,55751.10,50012.11,44622.34,47375.85,47972.40,40311.36,38746.80
GWP_100_AR5_GHG,DEU,Germany,DEA3,Münster,59163.24,57847.44,55089.26,54398.95,53577.48,52969.85,54033.11,51600.93,51155.66,48852.62,48441.99,49217.68,48697.75,48632.84,48070.73,47073.15,45341.00,45088.10,44639.27,41808.80,43312.42,42642.02,43027.39,44509.06,40903.19,31311.12,31650.33,31166.84,30429.67,28547.77,29875.95,31429.82,29909.07,26558.52,26007.70
GWP_100_AR5_GHG,DEU,Germany,DEA4,Detmold,28336.41,28014.54,26364.59,26111.39,25727.41,25387.51,25962.07,24845.58,24782.17,23590.26,23331.35,23254.16,22741.36,22946.32,22484.51,21897.19,22209.84,21148.97,21015.85,19869.95,20692.76,20073.09,20205.27,20386.75,19419.01,19371.84,17727.04,17502.46,17177.19,16236.95,14952.62,15490.98,15886.33,14264.99,13959.84
GWP_100_AR5_GHG,DEU,Germany,DEA5,Arnsberg,65016.78,64132.06,60740.88,59693.91,58904.72,58420.02,59765.72,57018.71,56302.16,53884.14,52866.71,54340.60,53366.44,54159.93,53339.26,51253.86,51906.08,51699.67,52991.48,49287.72,50845.42,49156.81,47418.12,52690.03,52928.18,50101.55,50524.33,47681.51,45665.70,38572.24,33564.82,35271.00,33455.68,29693.84,29077.14
GWP_100_AR5_GHG,DEU,Germany,DEB1,Koblenz,13421.00,13593.03,12955.88,13138.95,12813.84,12853.90,13154.27,12835.55,12894.84,12411.05,12161.26,12111.72,11702.42,11553.52,11474.85,11042.21,11055.96,10340.66,10700.11,10043.05,10519.85,10056.07,10038.75,10505.71,10132.66,10369.16,10542.62,10573.73,10281.72,10366.23,9780.43,9757.37,9442.03,9027.35,9144.87
GWP_100_AR5_GHG,DEU,Germany,DEB2,Trier,5513.14,5559.37,5319.24,5397.81,5296.95,5297.55,5425.22,5328.26,5405.38,5240.84,5164.60,5117.67,4967.77,4955.92,4933.53,4730.66,4718.59,4394.30,4568.31,4351.43,4518.09,4378.12,4385.18,4540.18,4416.86,4516.51,4586.91,4616.06,4520.44,4554.47,4272.77,4242.16,4146.28,3981.58,4040.06
GWP_100_AR5_GHG,DEU,Germany,DEB3,Rheinhessen-Pfalz,47144.63,47373.75,45566.96,43150.55,44576.58,41368.67,43014.58,40424.23,26840.68,24544.16,24858.11,23840.94,23557.90,24671.04,23614.37,24426.00,24113.31,24318.94,25188.10,23118.76,24209.73,22766.67,22749.77,22771.07,21821.73,22301.99,22815.02,23040.14,21272.98,21018.34,21258.98,20955.97,18956.24,18260.45,18780.22
GWP_100_AR5_GHG,DEU,Germany,DEC0,Saarland,33313.47,31741.50,29952.34,29144.58,29183.37,28711.63,28975.36,27638.15,27752.70,25989.68,26230.87,26643.30,24948.00,25278.22,24810.56,24165.80,25074.05,24314.88,23636.20,20988.60,22642.51,23125.70,23014.11,23633.24,22644.63,22530.09,21914.76,21849.82,19605.69,17171.26,14860.58,16433.54,17954.61,15170.26,14159.10
GWP_100_AR5_GHG,DEU,Germany,DED2,Dresden,27069.30,25510.62,23993.38,23118.27,22232.39,23356.33,23565.58,22469.92,22083.00,21217.81,25003.82,25543.88,24926.25,25007.76,24745.35,23891.19,23901.51,23286.30,22682.50,21492.94,22082.89,21535.11,25186.18,25924.28,24678.43,24191.89,23893.64,23084.23,22820.95,20205.42,17772.17,19387.00,21474.44,17801.16,16834.30
GWP_100_AR5_GHG,DEU,Germany,DED4,Chemnitz,22066.44,21261.35,19777.86,19569.47,19763.35,19601.49,19589.14,19056.76,19231.40,18187.63,18310.45,18140.23,17619.15,17672.13,17164.12,16516.56,17156.83,15599.53,15965.76,14800.06,15885.10,15555.41,15410.72,15702.78,15088.72,15682.50,15365.56,15567.29,15134.16,14587.79,13747.17,13803.14,13685.54,13246.49,13033.31
GWP_100_AR5_GHG,DEU,Germany,DED5,Leipzig,14527.82,13774.55,12916.17,12529.46,12074.93,12083.50,12886.52,12320.96,11976.61,16227.30,20453.33,19693.68,19365.94,19541.62,19221.37,18645.19,18678.95,18522.13,18154.48,17114.64,17535.94,17263.58,17354.77,18014.44,17103.70,16764.95,16578.49,15937.54,15836.27,13964.19,12298.23,13436.25,14828.00,12358.37,11675.65
GWP_100_AR5_GHG,DEU,Germany,DEE0,Sachsen-Anhalt,61140.42,57809.94,55078.63,53861.13,53747.61,54018.08,60385.42,58854.19,57125.51,55593.91,54861.72,54694.69,53821.08,53588.11,52840.88,51901.50,51277.29,51405.03,50002.52,48681.71,50230.24,48382.14,48470.47,49420.40,47726.36,48275.69,48528.01,48106.35,46296.83,44587.96,42951.64,43214.01,41560.75,38901.88,39053.38
GWP_100_AR5_GHG,DEU,Germany,DEF0,Schleswig-Holstein,44824.74,42413.43,40264.65,39711.64,38399.84,38188.23,38547.75,37363.01,36524.17,35390.56,34884.73,35045.65,34441.22,35130.32,34234.83,33442.97,33331.42,33048.00,33770.82,31496.79,33665.31,32143.70,32645.62,33076.42,32020.95,32766.54,33025.49,32791.25,31216.74,29963.54,28130.55,27996.78,26553.06,25249.43,25478.57
GWP_100_AR5_GHG,DEU,Germany,DEG0,Thüringen,27878.78,27909.44,26233.95,26160.00,25564.61,25677.48,26465.71,25800.84,25450.40,24718.76,24088.38,24135.29,23380.93,22845.64,22491.40,21673.20,21738.38,20709.15,20753.17,19636.59,20444.58,19546.03,19443.74,19630.09,19309.12,19516.83,20014.48,20056.56,19464.99,19480.90,18614.63,18522.20,17754.23,17020.51,17155.40
GWP_100_AR5_GHG,DEU,Germany,,,5513.01,4895.38,4678.61,4720.55,4514.08,4048.69,3927.00,3812.19,3713.18,3567.77,3612.27,3391.41,3224.14,3243.62,3320.73,3541.36,3469.07,3551.14,3570.36,3438.99,3246.19,3152.77,3098.58,2959.16,3139.73,3206.50,3186.42,2800.22,2767.12,3056.56,1882.44,1903.26,1764.77,1848.49,1879.07
GWP_100_AR5_GHG,DJI,Djibouti,,,1850.71,2124.04,1961.57,1978.54,2010.44,2088.58,2155.33,2174.70,2221.28,2325.56,1868.21,1881.41,1915.82,1975.56,1955.97,1934.86,1914.06,1950.50,2040.39,1934.53,2014.63,1843.10,2037.29,2136.10,2158.14,2095.76,2077.76,2022.40,2092.72,2221.57,2162.62,2260.19,2345.15,2388.35,2417.34
GWP_100_AR5_GHG,DMA,Dominica,,,79.49,79.25,79.49,97.03,109.77,117.64,123.61,121.36,95.33,121.25,113.91,114.17,108.85,116.23,120.40,119.59,123.55,137.52,135.80,137.61,140.47,124.51,120.09,125.71,133.38,138.83,144.47,135.51,137.92,153.26,144.07,143.79,148.82,149.27,152.36
GWP_100_AR5_GHG,DNK,Denmark,DK01,Hovedstaden,10255.28,12235.08,10740.37,11221.73,12940.13,12942.07,16457.97,14414.09,13485.86,12791.87,11880.06,12119.79,11892.23,13382.40,11951.57,10883.40,12201.79,10829.23,10285.80,10151.69,10463.81,8637.87,7669.96,7885.10,6744.20,6463.75,6836.04,5782.64,5760.68,5311.28,4981.50,4756.34,4477.54,4262.98,4154.06
GWP_100_AR5_GHG,DNK,Denmark,DK02,Sjælland,17584.48,20485.89,17223.85,17884.96,18718.80,16751.30,20564.97,17003.14,14823.35,13666.08,12512.11,12923.68,12910.64,14257.10,12611.77,11799.74,14113.86,13025.03,12251.44,11866.85,11495.06,10820.46,9624.01,9785.71,8962.44,8510.11,8785.81,8689.43,8684.04,7587.65,6044.91,6115.76,5913.37,5817.41,5813.77
GWP_100_AR5_GHG,DNK,Denmark,DK03,Syddanmark,14717.53,17443.42,18417.45,19021.58,19626.19,18545.36,20849.02,18703.31,17448.67,16879.56,16191.90,16436.38,16151.76,17615.27,16177.43,15591.28,16700.55,15960.77,15145.67,14812.37,15025.06,13517.07,12649.12,13093.84,12374.14,12122.19,12460.28,12291.84,12275.18,11342.94,11267.36,12000.34,11621.46,10705.65,10583.82
GWP_100_AR5_GHG,DNK,Denmark,DK04,Midtjylland,15647.30,17433.90,15729.27,16354.51,16768.21,16852.16,19137.25,17586.41,16751.46,16162.72,15538.32,15893.00,15803.32,16190.76,15292.02,14638.63,15894.80,15132.96,14605.90,14252.64,14452.94,13486.93,12425.66,12854.43,12004.44,11730.42,12060.51,11049.48,11040.75,10480.41,10244.86,10587.32,10127.67,9602.82,9394.83
GWP_100_AR5_GHG,DNK,Denmark,DK05,Nordjylland,9849.18,10808.54,10325.78,10565.25,10784.54,10687.70,12169.11,11618.91,12987.28,12672.71,12119.81,12364.29,12261.81,12964.79,12369.12,11775.59,13060.85,12569.06,11463.87,10587.02,10734.27,10409.64,9713.54,10035.49,9478.77,8570.94,8983.60,9107.40,9128.47,8618.78,8764.68,9165.58,8828.82,8000.38,7757.98
GWP_100_AR5_GHG,DNK,Denmark,,,967.72,1319.62,1274.97,1262.49,1237.59,1285.39,1345.31,1307.21,1095.46,1351.72,1281.27,1363.07,1245.28,1358.23,1285.76,1282.26,1202.88,1160.02,1223.60,1072.02,958.06,945.08,877.49,899.67,820.97,841.11,857.71,782.25,778.98,689.37,570.91,630.94,584.65,556.82,560.17
GWP_100_AR5_GHG,DOM,Dominican Republic,,,16654.74,17458.98,18711.16,18777.02,20448.92,21183.34,22386.64,24293.19,26454.71,27060.29,27616.04,28231.43,30623.88,28324.86,27775.04,28967.99,31196.37,32302.44,32561.25,32129.43,33534.09,33900.64,34788.21,34486.94,34999.87,37411.38,38795.05,38038.09,40384.69,43595.10,42512.87,45820.34,48846.83,49801.77,51580.80
GWP_100_AR5_GHG,DZA,Algeria,,,132002.56,132817.45,142908.01,145906.16,144370.55,152523.06,151547.86,142039.40,141160.31,145380.42,153676.19,142934.12,142318.80,155936.35,153916.95,158964.05,167197.88,166847.51,174858.95,170941.36,178739.36,185314.90,201469.05,206292.05,218979.71,228833.41,226687.58,231715.42,240580.59,247089.93,233831.05,245876.22,255863.35,258938.96,252700.00
GWP_100_AR5_GHG,ECU,Ecuador,,,35325.71,35992.57,38411.82,39344.13,41517.33,44218.85,48558.09,49828.70,47797.71,44338.82,42726.13,46675.45,46875.25,48951.81,52709.46,53567.91,56086.41,56322.02,57915.51,62055.60,66046.76,66623.05,66962.87,70253.57,72194.82,70910.67,70110.17,68626.18,69314.97,69753.59,63962.62,68466.69,70856.51,73199.77,74408.55
GWP_100_AR5_GHG,EGY,Egypt,,,149183.64,159032.45,162029.94,163867.73,159533.88,169667.98,180063.88,187437.55,192167.61,205282.64,205517.88,219472.71,225651.70,230897.64,245704.10,264588.70,276779.87,291119.89,294113.54,301720.64,301704.33,311475.40,326250.30,320189.63,325137.66,331543.17,344762.06,357554.14,352985.62,326424.87,335724.22,352547.96,350400.41,369726.17,386598.23
GWP_100_AR5_GHG,ERI,Eritrea,,,4704.38,4804.43,5036.22,4255.75,4465.09,4588.24,5068.51,5461.57,5209.44,5337.79,5432.28,5350.97,5305.67,5424.08,5495.45,5464.49,5316.44,5533.69,5481.28,5542.58,5536.70,5819.17,5889.32,5920.07,5973.80,6006.57,6093.90,6095.22,6209.39,6272.25,6309.53,6402.91,6495.02,6537.01,6579.26
GWP_100_AR5_GHG,ESH,Western Sahara,,,403.60,440.81,423.92,417.75,422.67,451.99,461.31,475.48,483.46,497.44,563.52,579.45,585.37,601.39,609.32,614.05,618.20,616.46,622.22,622.61,622.08,612.47,616.99,618.59,616.39,623.97,628.42,604.07,617.01,632.67,604.44,656.55,687.91,714.43,735.41
GWP_100_AR5_GHG,ESP,Spain and Andorra,ES11,Galicia,24434.92,24806.32,26129.36,24991.12,25491.36,26751.51,25379.66,26619.10,26939.55,28916.76,30247.83,29116.25,31546.50,30587.60,32314.86,31781.91,29813.37,32222.00,28211.36,25002.38,23322.17,24665.09,25174.46,22234.80,22996.76,25248.45,23504.21,25254.60,23801.91,19706.84,16511.79,17805.88,20133.40,16635.98,16537.55
GWP_100_AR5_GHG,ESP,Spain and Andorra,ES12,Principado de Asturias,30002.33,30396.55,30088.84,29025.11,29133.86,29982.92,27225.03,29353.55,28842.77,30673.78,32707.66,29668.28,32068.11,32397.01,32225.93,33051.83,28546.22,31438.23,26155.31,20811.00,19105.42,22900.58,25013.54,19494.91,20387.99,21643.04,18268.62,20630.49,18957.99,13961.00,11122.58,12814.47,12653.00,11467.26,11034.20
GWP_100_AR5_GHG,ESP,Spain and Andorra,ES13,Cantabria,3490.72,3564.12,3486.94,3363.51,3598.32,3737.88,3712.39,3942.17,4047.29,4232.59,4424.00,5314.34,5223.89,5275.69,5527.03,5578.51,5393.72,5450.48,5178.74,4749.31,4671.52,4501.83,4429.04,4308.10,4115.46,4164.28,4091.36,4446.29,4306.56,4233.79,3784.82,3986.53,3874.02,3730.88,3761.56
GWP_100_AR5_GHG,ESP,Spain and Andorra,ES21,País Vasco,14503.22,14684.50,14285.77,13938.44,14941.79,15177.46,14740.06,15922.52,15937.28,16357.49,17272.11,17823.43,17762.82,19445.06,20571.09,22057.60,21082.22,20944.66,20058.05,17897.89,17680.14,17092.90,16089.78,15295.37,14441.02,15060.43,15198.43,16106.01,15325.77,15909.06,14168.63,15180.52,14805.56,13800.26,13521.90
GWP_100_AR5_GHG,ESP,Spain and Andorra,ES22,Comunidad Foral de Navarra,4461.30,4631.10,4652.40,4488.56,4735.61,5059.77,5055.12,5436.32,5721.07,6105.29,6273.72,6339.44,7092.97,8197.62,8737.64,8853.64,8752.24,8630.53,8724.92,7876.39,7486.88,6967.53,6436.63,6021.25,5883.44,5940.97,6012.37,6271.77,6213.74,6538.76,5887.87,6246.61,6432.01,5909.50,5774.57
GWP_100_AR5_GHG,ESP,Spain and Andorra,ES23,La Rioja,1260.68,1323.58,1349.07,1363.29,1422.73,1482.66,1540.89,1583.26,1699.39,1786.52,1852.91,1892.51,1925.56,2034.13,2111.51,3339.27,3319.72,3212.63,3279.38,3009.21,2828.45,2523.49,2298.66,2214.80,2166.20,2217.78,2232.61,2347.24,2299.66,2515.77,2189.95,2361.49,2566.88,2275.51,2215.60
GWP_100_AR5_GHG,ESP,Spain and Andorra,ES24,Aragón,17009.43,17237.14,17838.04,17256.09,17751.73,18647.63,17607.49,19272.56,19533.41,21214.49,22260.52,21438.72,22493.69,22761.94,23267.22,23400.38,23406.15,25476.64,23078.39,20687.55,19135.88,19900.01,19767.87,17559.49,17778.41,18589.14,17549.02,19119.97,18361.43,16611.14,14600.74,14830.15,15115.67,14075.19,13970.36
GWP_100_AR5_GHG,ESP,Spain and Andorra,ES30,Comunidad de Madrid,11635.54,12116.04,12076.22,11945.94,12818.45,13275.22,13505.96,14235.96,15094.13,15872.90,16632.78,17314.99,17361.67,18327.32,19197.96,19588.69,19777.15,20059.99,19356.86,17381.21,18235.38,16730.41,16047.13,15524.37,15079.12,14541.48,15187.97,14998.88,15859.46,15031.84,14282.16,14758.94,14590.86,14074.32,14193.52
GWP_100_AR5_GHG,ESP,Spain and Andorra,ES41,Castilla y León,36408.19,36933.73,38279.41,36946.22,37925.33,39822.53,37955.96,39869.80,40932.28,44160.45,46948.53,45798.70,48256.69,48516.84,49612.90,49629.70,47113.67,50046.19,43009.84,39224.08,36892.80,38890.04,40032.28,36566.61,37679.33,39546.56,37265.12,39354.06,37722.10,31898.08,28211.19,28541.84,28213.59,27170.63,27794.81
GWP_100_AR5_GHG,ESP,Spain and Andorra,ES42,Castilla-La Mancha,24256.23,25159.72,25269.31,24220.78,25506.13,26772.18,27815.70,29160.59,30162.10,31446.30,33364.72,33312.36,34215.07,35180.79,36029.44,37207.53,36977.96,37838.31,33949.10,30415.83,28935.08,29361.55,29046.43,28069.59,26124.93,26251.17,26442.18,25361.50,25735.35,25770.10,23488.29,24911.27,23970.60,23125.22,23519.76
GWP_100_AR5_GHG,ESP,Spain and Andorra,ES43,Extremadura,7512.56,7802.66,7827.03,7704.60,7972.33,8191.78,8397.47,8757.09,9213.57,9532.91,9847.27,10097.84,10171.73,10632.16,10874.07,10967.50,10998.08,11225.87,10380.42,9684.49,9500.50,8985.37,8615.93,8288.67,8224.75,8528.57,8496.92,8766.19,8791.62,8744.67,8048.77,8483.07,8373.27,8044.08,8227.36
GWP_100_AR5_GHG,ESP,Spain and Andorra,ES51,Cataluña,26067.60,27005.37,27358.02,26675.32,28342.03,29900.59,30337.94,31871.69,34151.25,36237.59,37998.97,38585.30,40325.60,42716.20,45012.72,45909.97,45811.18,47165.18,46434.19,43477.69,43959.34,41500.87,38719.01,36647.18,36403.98,37787.14,38282.94,39450.38,39737.65,40410.59,36971.71,39304.13,39029.99,37077.00,36849.49
GWP_100_AR5_GHG,ESP,Spain and Andorra,ES52,Comunitat Valenciana,16318.94,17114.18,17170.42,16558.37,17898.19,19048.75,19076.66,20067.68,21131.84,22043.88,23281.17,23759.36,25217.53,26456.90,27552.88,28359.95,28408.03,30234.51,31362.24,28448.15,28508.26,27398.20,25625.55,24731.69,24508.91,24322.07,24373.47,24550.85,24638.41,25218.00,22635.18,24300.43,23851.99,22513.94,22332.69
GWP_100_AR5_GHG,ESP,Spain and Andorra,ES53,Illes Balears,4466.64,4851.41,5654.91,4912.87,5052.07,5268.16,4934.37,6500.31,6816.76,8367.62,8663.14,9285.49,9862.69,9253.43,9733.83,10181.63,9696.12,10031.60,8969.88,8018.82,7341.92,7553.86,7762.22,6964.91,7138.96,7743.16,7148.03,7642.07,7153.86,6202.61,4979.49,5437.81,6202.02,5581.49,5423.90
GWP_100_AR5_GHG,ESP,Spain and Andorra,ES61,Andalucía,47528.07,48821.44,50191.86,47565.02,50537.41,53447.19,51676.07,58326.73,58884.46,63275.74,66971.03,65532.17,68766.66,69720.36,74002.05,79164.27,77321.50,80052.60,71183.38,66236.38,63771.51,64632.61,63832.59,58878.57,59180.50,58918.94,57816.84,60186.38,58403.24,55406.92,48900.31,52203.07,51563.56,47861.63,47118.76
GWP_100_AR5_GHG,ESP,Spain and Andorra,ES62,Región de Murcia,6081.73,6341.80,6433.14,6370.55,6767.73,7049.46,7170.61,7744.65,8083.48,8501.59,8822.70,8909.47,9051.13,9530.23,9878.65,10099.67,14936.34,14477.97,14830.12,13308.68,12369.04,11931.81,12652.33,12305.25,11946.60,12635.08,12613.72,13135.12,12922.52,13825.61,12283.67,13092.47,13534.03,12373.02,12034.02
GWP_100_AR5_GHG,ESP,Spain and Andorra,ES63,Ciudad de Ceuta,44.45,47.35,48.65,47.96,52.35,53.74,54.82,57.93,57.34,60.30,65.63,66.50,67.04,73.34,77.64,80.35,84.16,83.07,81.44,80.97,295.28,283.69,287.78,252.00,258.75,289.02,277.41,256.01,235.86,207.36,178.42,181.70,184.37,184.29,181.35
GWP_100_AR5_GHG,ESP,Spain and Andorra,ES64,Ciudad de Melilla,44.96,48.16,49.62,50.88,55.22,56.79,57.71,60.96,64.29,67.52,73.66,74.03,74.70,81.50,86.67,90.18,220.22,207.46,198.72,195.42,182.98,174.14,175.64,159.74,160.48,171.29,165.80,156.70,148.23,134.18,120.48,123.28,121.42,118.30,117.31
GWP_100_AR5_GHG,ESP,Spain and Andorra,ES70,Canarias,9421.90,10582.24,12844.76,9473.56,9809.70,12035.48,10783.01,11901.50,12600.64,15355.00,14958.28,15900.31,17198.32,15774.19,16505.85,17878.61,16382.24,16551.06,16265.90,15588.35,14379.66,13719.19,13595.06,12188.32,12146.61,13708.31,13357.30,12840.65,12221.12,11617.75,9985.69,10348.88,10559.83,10222.27,10125.58
GWP_100_AR5_GHG,ESP,Spain and Andorra,,,9597.60,9286.98,9570.00,9213.04,9060.97,9261.12,10166.08,9148.87,9953.17,10139.35,9778.92,9770.41,9447.22,10167.59,10883.71,11639.50,12414.49,12112.36,11438.22,9896.03,10477.52,9062.37,8287.08,6396.96,6129.32,6847.48,7874.65,9441.25,9814.21,10289.52,5359.52,7762.75,10840.74,10624.36,10904.03
GWP_100_AR5_GHG,EST,Estonia,EE00,Eesti,45580.28,41906.78,31444.36,26353.38,26634.79,24595.91,25585.45,25119.96,22968.50,21354.15,21735.60,22228.15,21512.35,23529.74,24119.79,24049.22,23390.52,27198.03,25135.75,21788.64,26728.37,26856.97,25837.26,28386.44,27608.74,25887.29,25279.65,26757.67,28520.17,19854.40,15992.19,16694.45,18720.82,14958.13,14103.35
GWP_100_AR5_GHG,EST,Estonia,,,28.52,25.33,19.04,19.04,15.85,15.85,25.42,22.23,22.23,19.04,25.42,28.00,27.93,34.44,32.12,33.37,27.03,30.75,30.85,28.70,28.32,19.35,15.79,16.68,23.09,23.31,19.35,24.47,24.49,20.88,24.05,24.46,23.20,26.18,25.85
GWP_100_AR5_GHG,ETH,Ethiopia,,,66775.77,67666.95,69514.19,64498.41,67107.36,68223.77,71673.40,74060.55,79056.11,79145.39,77080.89,82543.82,90308.59,89589.48,92117.86,95532.48,101347.27,110999.89,116471.54,121154.73,126801.77,126665.40,131864.17,137035.76,143173.28,147717.92,154291.62,157841.42,162682.18,173874.25,181533.39,176960.56,180463.55,188446.94,192704.01
GWP_100_AR5_GHG,FIN,Finland,FI19,Länsi-Suomi,22060.04,21983.45,21187.16,21779.28,25386.29,24217.37,26980.80,26466.83,24780.82,24479.75,23464.55,25502.84,26515.22,29436.73,28156.30,23290.40,27817.23,26442.84,23452.99,22133.58,22469.37,19684.42,17920.58,18453.03,17302.40,17715.61,18814.95,17729.50,16715.19,15587.97,14093.48,15055.69,15226.78,13006.12,13022.70
GWP_100_AR5_GHG,FIN,Finland,FI1B,Helsinki-Uusimaa,16597.48,17794.79,16265.57,17423.11,18583.65,17797.05,20423.71,19853.06,17806.90,17928.61,17935.14,20645.95,21842.86,25403.37,23824.69,18376.06,23665.60,23395.49,19877.79,20304.65,23788.63,20536.22,17842.66,18470.43,17920.56,13629.52,13930.85,13127.38,14319.99,13315.72,12238.07,12440.14,11783.06,10923.70,9877.31
GWP_100_AR5_GHG,FIN,Finland,FI1C,Etelä-Suomi,19594.65,19198.39,18328.41,18507.48,19932.04,18688.72,19836.87,18963.22,19100.50,18780.62,18608.56,19636.80,19799.01,21680.55,20944.74,18831.12,20922.86,20690.31,19061.93,17402.94,19752.16,18543.77,17129.15,17378.97,16350.11,16460.59,17051.41,16932.73,17406.06,16188.20,14423.45,13702.56,13520.08,12600.39,12662.76
GWP_100_AR5_GHG,FIN,Finland,FI1D,Pohjois- ja Itä-Suomi,13927.31,13580.20,13525.65,13070.18,13861.12,13749.85,13465.97,13441.93,14240.92,13887.92,13716.85,14016.56,13970.65,14194.97,14117.19,13828.68,14159.48,14208.81,13540.53,12499.30,16081.57,15094.44,14984.77,14532.15,13321.03,13317.13,14163.73,13094.39,13859.37,13831.74,13089.04,13705.20,13013.28,12827.89,12601.46
GWP_100_AR5_GHG,FIN,Finland,FI20,Aland,95.94,95.23,94.08,92.60,93.89,94.21,94.63,91.85,96.43,90.92,88.87,91.34,88.92,94.96,93.05,89.53,89.22,89.54,88.51,85.00,91.66,84.71,84.93,86.81,85.49,84.93,85.24,83.15,80.94,81.23,78.79,81.02,85.26,82.81,84.06
GWP_100_AR5_GHG,FIN,Finland,,,765.26,765.07,740.43,749.88,806.27,775.61,787.64,815.18,862.17,981.91,873.61,823.60,795.88,811.50,799.07,790.07,809.36,806.42,706.32,694.28,754.75,757.90,679.78,642.61,583.04,583.42,561.19,580.18,598.77,602.16,423.64,417.99,463.11,433.08,430.70
GWP_100_AR5_GHG,FJI,Fiji,,,2130.43,2022.31,2159.96,2315.80,2425.23,2463.79,2512.08,2550.90,2518.40,2610.83,2786.07,2927.91,2624.87,2855.14,3345.50,3096.23,3240.46,3106.54,2675.45,2432.75,3072.65,2614.94,2581.89,2774.33,2479.34,2539.11,2533.81,2537.78,2676.89,2757.01,2147.93,2372.34,2525.60,2648.91,2750.90
GWP_100_AR5_GHG,FLK,Falkland Islands,,,164.79,162.94,157.26,157.34,161.28,165.64,151.86,162.17,154.62,152.13,154.73,151.96,153.10,155.47,155.71,155.92,158.98,161.80,162.57,164.19,164.00,160.02,160.83,162.80,163.81,164.31,166.03,164.29,161.50,164.38,165.20,168.01,169.55,171.43,172.89
GWP_100_AR5_GHG,FRA,France and Monaco,FR10,Ile-de-France,41023.13,44313.44,43470.35,41308.86,41699.95,42903.49,45833.13,45630.07,46848.71,46701.16,45889.77,47948.34,47173.44,47953.08,47596.47,46648.75,42888.99,42271.94,43765.20,44319.02,45730.24,42628.12,43376.78,42139.46,37529.19,38616.45,38011.81,38177.99,36016.35,35738.14,32709.51,34337.28,32156.38,29829.05,28565.12
GWP_100_AR5_GHG,FRA,France and Monaco,FRB0,Centre — Val de Loire,22761.43,23615.52,23254.52,23060.74,22848.00,23076.75,23719.37,23536.64,24231.41,24498.18,24688.56,25283.31,24898.87,24763.86,25073.84,24683.90,24378.37,24128.23,22830.47,22391.02,22627.59,21599.99,21718.51,21798.27,20964.65,21097.35,21053.35,21199.01,20722.26,20427.88,18267.15,19493.83,18888.39,18154.83,17815.30
GWP_100_AR5_GHG,FRA,France and Monaco,FRC1,Bourgogne,15177.44,15830.56,15504.77,14900.13,14688.85,14890.32,15382.67,15120.52,15679.28,15902.40,15738.08,15922.25,15658.69,15658.46,15800.21,15730.47,15442.77,15391.88,15110.07,14769.56,14851.42,14169.42,14430.10,14538.57,13732.05,13338.10,13294.29,13375.15,13044.84,12857.32,11573.98,12320.67,11959.06,11477.23,11281.31
GWP_100_AR5_GHG,FRA,France and Monaco,FRC2,Franche-Comté,7880.19,8215.33,8166.14,8067.89,7947.48,8050.52,8308.00,8207.86,8434.49,8546.42,8572.30,8829.99,8626.67,8689.16,8810.86,8819.65,8664.08,8487.80,8428.93,8231.22,8262.95,7928.80,7992.66,8053.52,7609.14,7859.34,7926.61,7973.24,7708.33,7619.16,6898.98,7306.42,7065.63,6740.80,6588.62
GWP_100_AR5_GHG,FRA,France and Monaco,FRD1,Basse-Normandie,12361.06,12862.57,12755.96,12572.02,12275.40,12388.50,12748.52,12657.66,12894.71,12991.67,13065.00,13331.36,13018.22,13041.20,13149.46,13091.29,12747.92,12641.16,12579.59,13070.89,13305.22,12821.87,12623.10,11931.37,11536.95,11740.23,11639.09,11589.47,11426.55,11240.81,10252.61,10747.81,10415.66,9966.76,9827.88
GWP_100_AR5_GHG,FRA,France and Monaco,FRD2,Haute-Normandie,29118.87,31425.19,30455.05,27986.57,28113.16,28810.74,30471.10,29605.40,30593.87,30420.06,31412.76,30418.49,29706.73,30430.15,30336.22,28478.08,26665.30,27465.92,28377.23,28131.95,26493.18,26717.38,25987.38,25192.90,20441.21,20450.16,20690.89,21094.36,19953.84,18769.04,16931.29,17481.86,15832.28,15242.26,14705.10
GWP_100_AR5_GHG,FRA,France and Monaco,FRE1,Nord-Pas de Calais,54045.43,56766.84,52081.18,49163.64,48791.98,48228.02,49569.08,47991.21,52078.62,44715.75,47579.26,47885.25,47882.58,48001.31,48707.82,54965.42,55422.09,53129.41,48735.04,44621.51,43400.42,42487.95,42157.72,41012.75,39358.19,38250.63,38844.93,38879.08,40370.99,40651.33,36453.34,40315.76,39169.03,34420.96,31579.75
GWP_100_AR5_GHG,FRA,France and Monaco,FRE2,Picardie,25253.05,29010.65,30545.81,29990.95,29337.54,30881.15,31551.89,28035.04,21326.78,19589.82,19229.78,19622.14,19550.04,19393.05,19155.85,18757.63,18530.62,18383.65,19414.23,18037.63,19721.90,18642.19,17897.43,18498.81,17810.89,17456.78,16755.83,17827.72,17314.65,17003.37,15294.60,17038.10,16333.34,15388.63,15047.42
GWP_100_AR5_GHG,FRA,France and Monaco,FRF1,Alsace,13526.11,14103.32,13932.17,13627.32,13510.44,13579.08,14250.69,14059.11,13905.08,13959.30,14004.48,14630.12,14145.76,14385.71,14198.20,13874.01,13171.25,13007.29,13120.25,12636.42,12963.02,13331.54,13366.80,13017.75,12068.45,12200.89,11979.61,12005.10,11859.84,11667.48,10761.10,11164.00,10487.62,10001.77,9712.24
GWP_100_AR5_GHG,FRA,France and Monaco,FRF2,Champagne-Ardenne,17012.19,18023.46,17052.30,15972.33,16058.79,16655.68,17045.17,16763.86,17299.65,16859.06,16470.62,16725.97,16677.33,16643.41,16750.11,16765.21,16650.02,16469.45,16387.57,15745.02,16396.18,15970.72,15537.47,15560.74,14929.94,18724.54,17660.17,14961.55,15626.64,14708.32,13537.25,14931.58,14533.09,13555.90,13339.31
GWP_100_AR5_GHG,FRA,France and Monaco,FRF3,Lorraine,40314.49,41959.51,40163.46,35147.96,34472.89,37028.25,38381.45,36805.99,39670.13,38666.08,36647.00,34303.68,35511.42,35736.41,35266.66,36128.97,35355.65,36050.55,31814.14,29757.31,32867.46,32173.47,33457.61,32779.52,27807.92,27087.68,27149.68,28018.84,26031.11,25805.95,22985.55,27388.88,27073.84,24426.10,23173.07
GWP_100_AR5_GHG,FRA,France and Monaco,FRG0,Pays de la Loire,33926.29,35652.68,34852.50,33423.62,33212.17,33857.41,35226.68,34352.23,36463.69,37169.46,37186.50,37072.91,36555.81,36941.39,36899.68,36850.29,36095.55,36537.22,36803.61,34859.23,37012.07,34745.88,35735.00,35733.01,33223.53,33860.32,35455.46,36220.20,33946.70,31782.42,29122.80,30971.59,30203.48,28586.75,27770.43
GWP_100_AR5_GHG,FRA,France and Monaco,FRH0,Bretagne,38182.74,39522.36,37995.32,37355.63,37132.07,37566.52,38250.65,37717.49,38723.39,38567.98,39321.92,39869.28,38855.75,38738.99,38745.40,38869.05,38318.37,38310.94,38126.68,37440.46,37363.25,35980.51,36127.18,36324.80,35429.01,35704.41,35380.37,35073.33,34495.11,33786.94,31956.01,32328.37,31845.88,30809.32,30312.49
GWP_100_AR5_GHG,FRA,France and Monaco,FRI1,Aquitaine,22236.55,23183.76,23050.37,22819.83,22605.14,22652.93,23286.91,23108.20,23783.28,23885.39,23834.15,24248.84,23679.60,24368.81,24253.05,23645.38,22906.64,22295.74,22296.85,22016.90,22235.55,21806.61,22388.14,21925.29,20922.94,20916.11,20812.49,20800.09,20425.71,20119.41,18226.44,19445.08,18658.50,17787.14,17400.96
GWP_100_AR5_GHG,FRA,France and Monaco,FRI2,Limousin,7103.02,7324.17,7218.15,7073.98,7047.52,7136.23,7277.41,7248.33,7381.56,7419.80,7413.75,7527.70,7389.83,7387.55,7404.43,7290.11,7219.46,6986.64,6886.77,6798.02,6806.34,6541.94,6575.03,6618.72,6368.06,6371.66,6377.61,6402.07,6240.50,6156.05,5585.72,5892.43,5742.03,5485.12,5404.41
GWP_100_AR5_GHG,FRA,France and Monaco,FRI3,Poitou-Charentes,16432.10,16913.24,16616.67,16407.73,16246.98,16348.97,16708.15,16559.12,17086.28,17278.91,17217.36,17695.47,17410.93,17355.88,17618.87,17451.43,17294.00,17136.80,17069.38,16952.34,16962.95,16495.98,16592.98,16437.61,15718.96,15655.26,15410.27,15633.91,15434.97,15272.21,13864.96,14711.06,14224.81,13698.75,13467.10
GWP_100_AR5_GHG,FRA,France and Monaco,FRJ1,Languedoc-Roussillon,16006.72,16666.22,16615.86,16527.71,16374.97,16477.77,16873.57,16806.91,17420.24,17664.85,17496.42,17869.28,17655.53,17815.45,18049.11,18030.18,17583.53,17306.64,17147.56,15886.30,16928.69,16262.46,16141.51,16204.39,15434.78,15685.74,15931.78,16069.08,15905.22,15699.95,14255.30,15188.66,14630.41,14040.32,13780.75
GWP_100_AR5_GHG,FRA,France and Monaco,FRJ2,Midi-Pyrénées,23844.97,24440.47,24185.97,23264.10,22560.17,22590.99,23143.90,22898.31,23746.90,23996.65,23589.29,23632.68,23321.14,23428.22,23823.92,23536.54,22733.58,21605.66,21270.83,20902.29,21786.61,21080.66,20852.33,20621.91,19598.49,19883.11,19925.43,19996.77,19775.54,19465.02,17653.67,18657.24,17995.97,17272.06,16971.21
GWP_100_AR5_GHG,FRA,France and Monaco,FRK1,Auvergne,11966.55,12343.11,12159.53,11980.43,11902.59,12033.21,12319.08,12184.34,12454.36,12580.39,12577.62,12913.31,12649.59,12571.09,12726.95,12587.54,12388.17,12249.58,12112.18,11841.80,11864.08,12284.74,12205.51,12029.11,11502.61,11652.23,11852.41,11924.03,11368.84,11332.72,10270.58,10776.51,10535.05,10015.31,9702.65
GWP_100_AR5_GHG,FRA,France and Monaco,FRK2,Rhône-Alpes,42792.91,45228.97,44800.71,43862.19,42054.48,42782.98,44046.54,42509.55,42161.53,43083.27,42519.51,43060.03,42454.82,42494.17,43065.31,42705.36,40883.97,40174.27,40705.15,39772.74,39461.41,37688.72,37614.94,37403.85,35061.18,35247.01,35561.82,35763.44,35057.55,34574.14,31422.85,33545.95,32065.72,30478.70,29768.98
GWP_100_AR5_GHG,FRA,France and Monaco,FRL0,Provence-Alpes-Côte d’Azur,34587.85,37658.52,35755.33,33759.01,33869.18,35216.49,36493.87,35339.84,36589.64,37039.36,36919.57,37005.76,36838.84,37305.52,37095.81,36224.68,36214.17,36212.49,36149.08,36881.84,37685.68,33676.78,34417.74,34175.35,30736.08,31729.77,32957.27,34280.22,31178.68,30639.97,27236.62,29534.97,28885.24,25541.22,23981.92
GWP_100_AR5_GHG,FRA,France and Monaco,FRM0,Corse,2139.18,2714.02,2359.78,1967.36,1913.21,2172.76,2205.73,2036.00,2433.01,2234.87,2129.63,2177.85,2126.82,2330.35,2345.92,2642.79,2506.17,2438.82,2265.58,2219.36,2144.04,2171.42,2186.63,2081.75,2339.82,2403.99,2444.89,2519.61,2228.65,2263.40,2074.97,2171.67,2187.70,2023.73,1970.40
GWP_100_AR5_GHG,FRA,France and Monaco,,,3207.69,3922.39,3919.40,4098.66,3948.89,3850.03,4061.06,4189.15,4438.30,4395.04,4557.96,4492.50,4290.87,4214.44,4289.56,4102.44,4137.48,4193.67,4127.21,4009.43,3934.83,5964.30,5970.79,5921.59,5730.05,5738.92,5846.13,5986.13,6216.21,6320.40,4251.10,5128.50,6291.94,5800.20,5953.77
GWP_100_AR5_GHG,FRO,Faroes,,,90.08,89.83,89.66,89.80,89.82,89.68,89.64,89.80,89.74,89.92,90.16,90.85,91.05,91.19,91.30,91.15,91.08,91.14,91.03,91.19,91.17,91.50,91.78,91.87,94.21,94.43,94.71,95.11,95.41,95.25,95.79,96.08,95.65,96.46,96.62
GWP_100_AR5_GHG,FSM,Micronesia,,,36.06,40.57,40.77,40.89,40.97,41.12,41.21,41.22,41.21,41.20,41.23,41.24,41.24,41.34,41.29,41.31,41.28,41.78,41.72,43.70,43.66,46.05,46.05,47.33,47.85,48.49,49.36,48.74,49.01,50.84,51.30,52.09,52.87,59.60,61.40
GWP_100_AR5_GHG,GAB,Gabon,,,20424.20,19600.57,20893.02,21550.58,21094.73,23581.47,26568.68,24535.94,28520.65,27158.21,27948.37,28014.79,27092.75,30188.27,27929.60,26277.55,22636.21,19562.39,21040.69,20463.04,21005.67,20704.05,20592.69,20360.93,20538.76,21399.15,21443.63,19695.81,18344.46,20255.25,20086.24,19169.10,19938.20,21553.32,21781.99
GWP_100_AR5_GHG,GBR,United Kingdom,,,11452.93,11704.58,11728.76,12310.27,13879.90,15186.55,14248.42,14564.38,13701.70,13110.05,12771.25,11972.66,11108.32,12836.00,12844.08,12706.09,13745.22,12625.69,10144.46,10113.36,9100.30,8666.49,9138.10,9074.58,8850.20,9649.64,9732.34,10116.96,10052.10,9913.37,6689.48,5893.36,7173.68,7516.49,7261.29
GWP_100_AR5_GHG,GBR,United Kingdom,UKC1,Tees Valley and Durham,14250.96,14171.05,13627.11,13859.26,14040.83,13808.45,13935.79,13778.25,13551.19,13405.99,12902.51,12830.02,12455.63,12522.73,12536.24,12466.18,12035.21,12160.25,11747.85,10734.43,10280.12,9186.25,10034.63,10277.40,9897.27,9860.66,9706.64,9572.79,9476.50,9435.30,8744.42,8948.60,8428.14,7959.97,7792.86
GWP_100_AR5_GHG,GBR,United Kingdom,UKC2,Northumberland and Tyne and Wear,18331.64,18647.63,17993.10,16679.27,16230.51,15909.46,15912.98,14870.42,14928.55,13928.02,14472.37,11291.55,11203.79,10960.78,11324.79,11110.74,10964.45,10818.16,9910.88,8942.44,9141.32,8631.74,9117.40,9044.77,8597.67,8325.24,6849.18,6823.33,6804.45,6606.03,6162.84,6362.86,6019.03,5785.76,5722.01
GWP_100_AR5_GHG,GBR,United Kingdom,UKD1,Cumbria,7553.02,7636.83,7731.54,7701.38,7680.21,8247.65,8405.36,8331.35,8137.87,7966.97,7781.89,7687.94,7556.01,7543.73,7457.67,7530.21,7299.95,7233.65,6949.72,6473.20,6656.37,6176.61,6195.85,6155.19,6120.97,6022.78,6056.52,6023.98,5952.18,5794.01,5290.54,5467.97,5346.76,5189.36,5116.32
GWP_100_AR5_GHG,GBR,United Kingdom,UKD3,Greater Manchester,12292.62,12907.65,12797.73,12896.28,12697.17,12622.09,13412.44,13034.66,12851.78,12500.59,12444.00,12629.40,12325.69,12348.34,12395.14,12197.51,11798.22,11573.59,11411.55,10729.04,11210.94,10404.30,10633.96,10686.37,10003.12,10131.88,11418.10,11323.11,11291.22,10985.15,10011.44,10530.70,9953.20,9347.07,9203.74
GWP_100_AR5_GHG,GBR,United Kingdom,UKD4,Lancashire,8907.92,9166.29,9041.12,9104.44,9060.45,8995.55,9493.37,9292.49,9175.71,8937.75,8897.32,8911.04,8850.28,8814.27,8815.48,8698.56,8445.91,8330.87,8033.96,7670.14,8152.85,7272.07,7181.02,7337.02,7018.52,7151.74,7188.83,7188.54,7129.96,6970.11,6428.28,6695.67,6359.30,6131.29,6030.75
GWP_100_AR5_GHG,GBR,United Kingdom,UKD6,Cheshire,23287.28,23458.33,22666.77,21189.15,20591.16,20144.64,20037.17,18782.94,18983.67,17863.11,18472.55,19492.37,19079.44,19935.76,20053.06,20345.87,20511.59,19591.55,18677.80,16500.33,16751.64,16358.95,19065.48,18400.14,16986.85,15897.75,12088.64,11975.00,11229.46,10095.95,8917.65,7920.79,7607.47,7281.20,7176.69
GWP_100_AR5_GHG,GBR,United Kingdom,UKD7,Merseyside,7144.94,7505.45,7348.18,7322.49,7217.50,7181.78,7684.49,7458.26,10073.74,9920.69,9147.86,9183.24,8948.47,8797.21,8817.30,8624.67,8286.10,8453.83,8405.96,7814.12,8152.90,6988.27,6641.01,6545.55,6264.65,6395.54,6758.60,6699.94,6644.27,6470.55,5883.49,6191.70,5878.24,5425.59,5210.08
GWP_100_AR5_GHG,GBR,United Kingdom,UKE1,East Yorkshire and Northern Lincolnshire,12915.48,12999.50,13783.88,15415.93,16577.98,15824.99,19114.52,19561.92,18479.65,18033.24,19269.70,18960.16,18965.88,18576.78,19898.67,19724.89,18494.71,19320.19,19676.21,18861.87,19265.83,16252.56,14159.93,13529.08,13315.50,13015.46,15144.97,14829.24,14523.43,14231.28,12615.37,13153.93,13017.21,12300.27,11441.01
GWP_100_AR5_GHG,GBR,United Kingdom,UKE2,North Yorkshire,54955.83,56837.87,53711.30,49792.39,49726.72,46518.23,44182.29,42485.90,42812.04,39708.25,40079.14,42773.65,40105.34,42926.52,43300.03,42008.70,43776.82,40754.31,37360.94,31831.65,33396.19,32398.72,40162.34,40140.71,34661.24,29041.13,20762.77,19779.32,18777.87,14816.03,14288.74,15316.25,14295.61,13662.32,12083.00
GWP_100_AR5_GHG,GBR,United Kingdom,UKE3,South Yorkshire,20568.13,20073.76,18962.47,19730.89,20713.43,20482.49,19331.68,19092.38,17473.93,16955.93,16342.05,16014.15,14522.79,14178.51,14173.38,13628.02,14304.50,14175.51,14068.60,11766.63,11822.12,10923.34,10777.39,11252.51,11081.37,11391.09,10003.07,9737.76,9479.77,9958.21,9602.44,9512.71,9112.01,9345.88,8869.44
GWP_100_AR5_GHG,GBR,United Kingdom,UKE4,West Yorkshire,27445.02,27835.89,27076.68,25599.82,25052.46,24644.95,24703.25,23329.96,23414.91,22016.30,22463.96,23385.20,22632.26,23313.03,23410.57,23282.01,23702.45,22610.83,21364.51,19244.20,19973.24,18860.26,21501.76,21428.63,19931.84,15426.12,13462.20,11895.91,11798.43,11550.54,10685.98,10906.79,10347.04,10056.19,9852.29
GWP_100_AR5_GHG,GBR,United Kingdom,UKF1,Derbyshire and Nottinghamshire,82606.51,82386.76,80063.94,73062.39,71303.14,70678.63,69120.98,64458.21,64701.78,61241.20,62854.51,66070.52,63377.61,66009.94,58351.24,58289.62,59567.56,56427.81,52936.64,46958.66,48050.33,48665.56,54681.70,55057.35,51904.27,47265.91,37068.61,36690.98,34042.36,30292.73,26827.88,29611.13,28212.91,24916.58,24121.57
GWP_100_AR5_GHG,GBR,United Kingdom,UKF2,"Leicestershire, Rutland and Northamptonshire",12812.93,13043.63,12774.06,20409.71,19918.14,18717.22,18479.40,16599.65,15621.53,14828.77,14370.82,14303.77,13710.54,14238.12,14068.76,14119.04,13709.28,13541.30,14010.06,13405.92,13117.46,11281.83,11378.14,11144.07,10669.01,10824.83,10931.47,10792.00,10760.80,10477.93,9653.51,10005.27,9555.06,9177.04,9175.33
GWP_100_AR5_GHG,GBR,United Kingdom,UKF3,Lincolnshire,22047.40,23732.76,24918.52,24721.60,20923.87,22471.10,29570.48,36734.26,35374.51,47953.33,46329.93,44900.25,44736.13,45304.47,46510.32,45290.18,43930.44,45024.71,43593.81,39781.40,39090.41,36136.62,35082.79,32942.39,32860.55,33276.65,31494.08,31352.51,31417.00,30943.46,29285.74,30144.13,30395.77,27328.27,23715.35
GWP_100_AR5_GHG,GBR,United Kingdom,UKG1,"Herefordshire, Worcestershire and Warwickshire",15422.30,15474.27,15182.49,15324.03,15462.06,15429.72,16134.23,15936.34,15843.86,15634.91,15756.39,15386.29,15127.57,15019.90,14752.60,14538.38,14225.37,14055.51,13754.51,12729.19,12713.06,12071.86,12377.15,12222.13,11982.46,12154.14,12176.23,12088.52,12070.01,11766.06,10719.86,11172.97,10768.81,10467.87,10356.04
GWP_100_AR5_GHG,GBR,United Kingdom,UKG2,Shropshire and Staffordshire,25705.60,25921.95,25190.18,23593.44,23064.73,22579.97,22658.25,21297.67,21337.36,20031.47,20575.99,21443.84,20636.67,21513.96,21695.50,21721.38,22258.12,21247.30,19795.60,17710.87,18191.53,17256.22,15762.92,15661.86,14892.17,14251.49,12456.63,10758.63,10700.77,10489.47,9746.12,10045.47,9627.57,9369.12,9231.80
GWP_100_AR5_GHG,GBR,United Kingdom,UKG3,West Midlands,11174.96,11834.39,11546.54,11549.84,11423.53,11411.33,12165.31,11785.52,11462.40,11543.07,11450.93,11543.73,11215.19,11154.72,11120.00,10820.44,10503.35,10331.29,10745.48,9488.86,10327.50,9058.41,9361.94,9297.47,8827.12,9029.24,9011.68,9013.05,9083.18,8864.38,8242.23,8564.87,7966.29,7675.62,7507.84
GWP_100_AR5_GHG,GBR,United Kingdom,UKH1,East Anglia,21591.62,21826.57,21506.67,22827.25,23016.20,22713.07,23745.18,23312.49,22969.93,23118.78,22269.00,23291.81,22777.52,22813.50,22758.25,22273.06,21647.79,21623.91,21730.35,20299.12,20582.80,19169.32,18824.17,18623.09,18248.08,18323.61,18756.43,18744.91,18695.75,18755.49,17366.97,17960.45,17417.37,16669.29,16457.51
GWP_100_AR5_GHG,GBR,United Kingdom,UKH2,Bedfordshire and Hertfordshire,9036.11,9417.52,9266.17,12328.34,12959.24,15247.85,15368.15,15560.08,14539.16,14427.78,12930.28,12810.11,12491.35,12301.38,12200.31,11892.40,11387.45,11687.43,11994.96,11162.66,11491.67,9758.69,8971.63,8877.64,8532.86,8605.46,9311.96,9221.96,9050.91,8819.85,7982.15,8400.13,8045.89,7411.87,7281.68
GWP_100_AR5_GHG,GBR,United Kingdom,UKH3,Essex,20786.40,21266.86,20807.67,20266.61,19935.11,19932.76,20309.98,19580.68,19528.57,18522.09,18429.96,18936.76,20526.50,20578.97,20359.19,20160.27,19741.32,19082.69,18600.80,16881.98,17469.75,15674.03,12191.56,12301.54,11711.87,11608.06,12001.38,11822.47,11618.36,11304.30,10261.29,10550.25,10163.29,9695.45,9468.94
GWP_100_AR5_GHG,GBR,United Kingdom,UKI3_4_5_6_7,London,30099.44,30790.85,30318.27,28184.99,27295.73,26957.32,28549.23,26796.50,26478.03,27027.94,26425.74,26876.91,25909.99,26244.48,26517.83,25920.05,24926.66,24413.82,24928.73,23304.88,24576.10,21307.73,22097.02,22491.54,20533.48,21154.10,21749.59,21613.19,22205.00,21638.43,20162.34,21313.58,19454.57,18773.55,18377.62
GWP_100_AR5_GHG,GBR,United Kingdom,UKJ1,"Berkshire, Buckinghamshire and Oxfordshire",29147.73,29131.81,28362.87,27058.37,26774.61,26209.17,26488.03,25196.36,30661.56,29318.68,28504.83,29035.01,28067.50,28758.54,28829.11,28776.92,28938.22,28494.86,27449.55,23834.77,24419.07,23073.66,25092.66,24741.08,15239.50,15352.88,16264.15,15995.97,15794.08,15448.90,13921.98,14697.92,14128.43,13264.04,12856.01
GWP_100_AR5_GHG,GBR,United Kingdom,UKJ2,"Surrey, East and West Sussex",14229.22,14779.61,14589.50,14873.58,14658.76,14658.63,15498.08,15145.52,15146.53,14958.32,15832.00,15781.84,15389.60,15381.07,15450.47,15235.65,14798.98,14772.47,14468.33,13897.51,14211.09,12642.65,12717.85,12786.11,12097.95,12354.60,12592.72,12509.19,12408.25,12142.86,10865.33,11593.49,11020.24,10602.70,10426.42
GWP_100_AR5_GHG,GBR,United Kingdom,UKJ3,Hampshire and Isle of Wight,18937.70,18556.99,18679.65,16910.21,16532.15,16216.20,16561.46,15756.03,15332.08,14752.97,14129.49,14198.59,14155.91,14305.87,14256.59,14532.97,13899.31,13526.84,13547.54,14791.94,15274.52,13723.61,13246.04,12602.61,11908.32,12007.41,12739.13,12731.89,12600.39,12361.30,10918.26,11510.32,11234.55,10709.03,10421.12
GWP_100_AR5_GHG,GBR,United Kingdom,UKJ4,Kent,22379.90,22628.01,22216.47,20417.81,19819.92,22515.38,22215.90,21085.56,20635.96,19321.32,21571.01,22367.11,21477.89,22259.81,22333.28,22595.83,22873.72,22444.84,21070.54,19101.96,19485.29,20068.31,21157.64,11953.94,11652.65,11320.55,12718.21,12475.20,12364.25,11985.08,10643.02,11339.51,11026.26,9882.65,9272.61
GWP_100_AR5_GHG,GBR,United Kingdom,UKK1,"Gloucestershire, Wiltshire and Bristol/Bath area",15097.79,15445.54,15143.64,15295.09,15284.61,15181.71,16062.54,15655.17,15630.70,15347.18,18415.29,18279.03,17868.91,17878.95,17825.17,17521.76,16836.45,17183.26,17188.54,16258.98,16693.32,14706.97,14341.62,14332.14,13975.86,14133.49,14755.84,14656.47,14499.20,14189.76,12964.70,13480.66,12859.29,12080.05,11742.83
GWP_100_AR5_GHG,GBR,United Kingdom,UKK2,Dorset and Somerset,9301.43,9472.97,9347.58,9450.88,9374.35,9366.39,9815.59,9655.52,9741.52,9626.91,9438.05,9348.79,9138.45,9168.58,9192.65,9094.18,8893.94,8823.73,8637.13,8286.23,8571.34,8017.27,8049.24,8115.24,7837.18,7974.64,8094.82,8052.81,8000.35,7845.78,7170.28,7481.38,7229.50,7034.19,6951.62
GWP_100_AR5_GHG,GBR,United Kingdom,UKK3,Cornwall and Isles of Scilly,4358.82,4434.19,4387.63,4401.06,4361.88,4348.46,6244.06,5579.11,5234.90,5050.04,4835.45,4767.14,4578.29,4731.60,4700.70,4710.44,4597.22,4557.88,4534.35,4336.50,4318.44,3739.73,3781.86,3663.94,3585.34,3675.93,3761.77,3720.96,3674.27,3594.89,3288.42,3414.33,3291.09,3177.92,3121.42
GWP_100_AR5_GHG,GBR,United Kingdom,UKK4,Devon,7817.25,8002.12,8021.47,8222.24,8218.62,8103.40,8501.39,8360.65,8261.25,8213.15,8026.31,7928.79,7773.55,7795.57,7842.49,7739.35,7590.62,7522.87,7548.80,7493.22,9438.46,8612.00,7979.53,7751.91,7623.87,7706.50,8243.89,8162.77,8038.93,7875.81,7158.77,7502.93,7295.29,6859.82,6645.47
GWP_100_AR5_GHG,GBR,United Kingdom,UKL1,West Wales and The Valleys,50758.01,51834.49,47176.12,42407.22,35276.97,37339.26,36525.45,35895.13,33776.05,32700.90,29946.72,28918.80,29114.10,26974.61,25240.71,24416.38,23545.50,23666.01,23317.49,21438.08,22091.75,20673.58,21953.26,22130.51,21496.81,20876.35,21037.40,20418.90,19935.60,19918.54,17688.91,18442.59,18190.78,16886.58,16845.76
GWP_100_AR5_GHG,GBR,United Kingdom,UKL2,East Wales,25467.06,25507.38,24858.80,23335.34,25450.03,24537.79,30031.21,29467.64,28263.35,27201.62,25761.64,26089.47,25194.26,25678.42,25638.02,25480.28,25689.75,25373.52,24401.16,21681.64,22913.94,21511.30,22385.02,22232.52,21430.83,19754.77,17461.71,17154.47,15918.26,14842.36,13554.31,12880.22,12605.39,11530.19,10939.00
GWP_100_AR5_GHG,GBR,United Kingdom,UKM5,North Eastern Scotland,6076.65,6348.61,7376.79,8971.69,9613.01,8930.26,8983.21,9116.35,8660.64,8602.07,10901.70,10633.24,10504.62,10282.21,10152.68,10018.93,9567.61,10074.21,10312.93,9505.31,9609.44,8109.47,6944.80,6810.54,6829.97,6715.59,7625.27,7499.85,7355.32,7179.85,6349.61,6710.77,6644.70,6024.86,5695.48
GWP_100_AR5_GHG,GBR,United Kingdom,UKM6,Highlands and Islands,18415.05,17465.56,17731.37,14890.15,14567.15,14261.15,14370.06,13534.87,13160.73,13032.02,12745.22,12565.63,12321.20,12494.59,12473.72,12564.87,12408.69,12316.08,12092.33,11558.58,11405.01,10834.99,10830.63,10875.40,10760.26,10951.86,11008.05,11021.95,10877.81,10593.94,9302.01,9864.26,9705.19,9501.57,9453.77
GWP_100_AR5_GHG,GBR,United Kingdom,UKM7,Eastern Scotland,43831.79,44016.88,42665.56,39422.14,38119.84,37308.16,36776.08,34276.64,34660.10,32010.43,32969.28,35076.13,34189.19,33249.56,33567.54,34237.75,34920.61,33125.48,31289.55,27837.18,28539.83,26918.07,31800.68,31540.88,24451.75,23253.96,19323.98,15669.01,15624.78,15301.13,13682.39,14254.43,13944.22,13626.46,13493.37
GWP_100_AR5_GHG,GBR,United Kingdom,UKM8,West Central Scotland,8233.31,8566.18,8475.51,8457.85,8392.72,8386.88,8832.76,8646.82,8459.56,8291.05,8194.00,8264.97,8085.43,7982.68,8001.63,7848.24,7627.61,7484.47,7368.36,6767.64,7001.07,6353.96,6470.68,6389.39,6091.00,6266.27,6263.50,6241.79,6214.49,6040.80,5509.58,5788.63,5462.89,5267.18,5193.77
GWP_100_AR5_GHG,GBR,United Kingdom,UKM9,Southern Scotland,12784.65,12884.71,12989.30,13029.86,12965.99,12918.85,13380.44,13220.06,13072.83,12979.56,12785.50,12629.00,12433.29,12459.10,12444.76,12404.17,12181.31,12082.31,11611.84,11071.96,11174.77,10711.82,10807.63,10937.86,10777.03,10791.95,10810.77,10867.10,10774.32,10525.70,9480.12,9897.13,9696.56,9505.84,9434.36
GWP_100_AR5_GHG,GBR,United Kingdom,UKN0,Northern Ireland,20905.69,20663.48,20629.87,19419.57,19220.80,18738.63,19056.80,18241.53,18191.97,17572.76,17584.52,17749.13,17262.32,18243.11,19239.67,19102.44,18901.64,18895.25,18595.48,17664.00,18062.37,16452.79,16514.77,16423.33,16059.56,15958.75,15647.36,15597.57,15283.84,14683.69,13474.65,14341.28,13887.57,13170.37,12749.53
GWP_100_AR5_GHG,GEO,Georgia,,,40819.56,32724.83,26866.92,22492.32,16291.75,13746.10,12466.70,11755.47,11143.67,10689.99,11241.37,9620.95,9689.67,10247.25,10534.20,11151.71,11785.81,12669.21,11780.93,12781.21,12189.64,13624.60,14797.95,15735.14,16534.61,16789.57,17210.26,17287.61,17146.68,17878.98,17527.55,18560.31,19706.45,19652.81,19602.82
GWP_100_AR5_GHG,GGY,Guernsey,,,0.00,0.00,0.00,0.00,0.00,0.00,,,0.00,,0.00,0.00,,,,,,,,,,,,,,,,,,,,,,,
GWP_100_AR5_GHG,GHA,Ghana,,,10473.50,10703.97,11249.60,11577.07,11979.67,12390.18,13065.74,13421.83,15154.46,16078.07,15540.59,16155.41,17541.93,17210.55,17119.76,17876.65,19819.74,20373.50,22037.28,23153.30,24498.69,27522.18,30363.77,32470.47,32665.55,33959.98,34630.67,38432.09,40457.49,42694.73,45700.02,46529.70,46917.92,46822.51,48093.95
GWP_100_AR5_GHG,GIB,Gibraltar,,,157.86,217.72,256.46,259.63,304.40,298.03,304.33,313.91,329.78,342.43,358.22,367.65,374.00,380.37,412.17,424.80,443.84,440.74,450.11,491.24,494.50,478.76,488.42,520.14,558.25,608.94,634.69,673.00,713.68,741.74,662.40,664.69,659.07,652.70,658.90
GWP_100_AR5_GHG,GIN,Guinea,,,6897.69,7211.16,6763.42,7090.75,7549.01,7808.72,8850.27,8160.34,8549.17,9747.85,10500.15,10772.13,11188.40,11676.28,12093.63,12561.41,13092.20,13562.78,14155.79,14729.94,16597.93,16852.54,17433.16,17899.57,18494.72,19743.25,20959.71,21690.29,23010.29,24910.68,26291.24,27113.10,28636.73,28615.13,29375.91
GWP_100_AR5_GHG,GLP,Guadeloupe,FRY1,Guadeloupe,908.08,956.41,909.83,951.80,988.73,967.42,997.36,1032.06,1047.66,1020.05,840.10,874.70,960.43,959.59,927.51,935.60,1017.18,1062.49,1076.93,1139.88,1262.38,1356.37,1355.64,1358.08,1361.91,1370.10,1371.60,1370.95,1373.72,1372.40,1370.98,1370.69,1370.40,1368.06,1406.25
GWP_100_AR5_GHG,GLP,Guadeloupe,,,24.74,27.22,22.22,24.65,29.72,31.06,33.27,40.81,35.10,36.81,33.71,27.60,27.90,28.07,27.00,27.48,30.21,31.87,32.96,30.44,34.61,38.21,38.21,38.21,38.21,38.21,38.21,38.21,38.21,38.21,38.21,38.21,38.21,42.98,42.66
GWP_100_AR5_GHG,GMB,The Gambia,,,926.67,994.34,976.67,987.88,1030.24,1041.78,1057.24,1058.83,1088.02,1130.87,1247.22,1241.12,1266.50,1392.21,1446.87,1481.83,1543.38,1577.44,1654.51,1832.54,1879.37,1736.82,1733.50,1816.07,1929.70,2022.49,1973.08,1915.40,1761.70,1805.53,1747.00,1740.89,1816.27,1842.40,1859.51
GWP_100_AR5_GHG,GNB,Guinea-Bissau,,,1651.36,1725.88,1719.00,1752.23,1786.08,1842.89,1864.67,1860.40,1871.28,1955.40,2001.11,1967.72,2009.16,2073.33,2094.25,2152.23,2249.90,2359.01,2438.00,2574.76,2703.10,2701.07,2810.40,2891.68,2755.34,2896.54,2961.87,2869.84,2973.39,3038.12,3045.68,3087.99,3145.36,3148.83,3188.63
GWP_100_AR5_GHG,GNQ,Equatorial Guinea,,,185.20,192.56,195.00,212.98,2820.87,3212.30,5332.21,7638.07,9480.87,10376.61,12066.56,13340.32,10484.42,11723.30,16184.59,15595.02,16941.32,18133.40,16989.69,14346.22,14990.99,15046.62,14843.84,13988.25,14064.65,14281.48,13173.48,11777.84,10649.48,10024.38,9769.52,9297.52,9125.48,7974.68,8138.70
GWP_100_AR5_GHG,GRC,Greece,EL30,Attiki,12402.87,12704.34,12596.74,12597.05,12903.56,13905.15,15111.97,15576.93,16388.77,17316.58,18660.02,18751.62,17687.17,18157.04,17874.26,18531.09,18526.19,19503.19,18242.59,16385.80,15615.02,15154.69,14475.24,14328.17,14225.27,14439.32,15387.48,15128.84,14581.49,14416.53,13918.31,14238.80,14307.48,13471.55,13753.28
GWP_100_AR5_GHG,GRC,Greece,EL41,Voreio Aigaio,852.77,886.41,887.32,879.15,899.78,921.41,990.64,1006.71,1027.46,1037.46,1041.17,1043.36,1074.72,1130.45,1097.49,1123.37,1104.44,1108.48,1098.03,1102.19,1036.42,1020.69,874.71,814.81,814.21,862.15,861.66,819.32,808.85,836.82,784.26,777.29,827.62,812.15,822.39
GWP_100_AR5_GHG,GRC,Greece,EL42,Notio Aigaio,2884.58,3064.78,3035.32,3086.57,2725.93,2922.28,2997.33,2970.04,2774.42,2842.76,2898.56,2814.07,2906.03,3067.09,2602.36,2769.43,2736.38,2764.01,2681.18,2404.27,1950.21,1947.32,1771.62,1659.91,1917.86,1990.84,1902.14,2051.30,1978.69,2000.73,1886.12,1906.53,1979.02,1858.76,1888.60
GWP_100_AR5_GHG,GRC,Greece,EL43,Kriti,5230.52,5479.85,5427.74,5544.87,6117.72,6528.95,6690.59,6646.35,7115.52,7323.74,7516.93,7312.24,7483.42,7889.39,7511.76,7951.45,7833.98,8001.56,8134.32,7077.72,5613.49,5435.77,5030.59,4703.48,4543.08,4673.59,4451.46,4831.90,4619.29,4582.17,4344.99,4386.19,4500.75,4338.92,4378.95
GWP_100_AR5_GHG,GRC,Greece,EL51,"Anatoliki Makedonia, Thraki",4502.53,4269.42,4160.16,4047.39,4083.97,4196.20,4694.79,4665.39,4806.75,4696.18,4675.73,4498.17,6015.86,6346.89,5987.43,6105.63,5649.10,5918.72,5632.79,5218.78,4930.83,4935.16,4059.08,3826.64,3770.21,4104.57,4137.77,4083.48,3973.51,4028.33,3922.83,4035.41,4253.10,3842.68,4816.49
GWP_100_AR5_GHG,GRC,Greece,EL52,Kentriki Makedonia,9309.36,9470.52,9245.56,9254.68,9520.71,10046.01,10832.51,11028.54,11547.91,11561.19,11591.30,11567.51,11785.29,12371.05,12133.73,12548.95,13033.51,13446.70,12698.16,12297.02,11766.80,11344.77,10368.56,9890.87,9756.09,9959.34,10257.00,10201.46,9921.18,9877.96,9487.57,9528.80,9815.52,9385.58,9502.88
GWP_100_AR5_GHG,GRC,Greece,EL53,Dytiki Makedonia,29004.82,26288.43,28294.45,28253.37,29493.33,30690.08,28146.01,28691.75,29486.42,29693.06,33102.52,33879.50,33451.36,34522.42,35195.40,35224.88,32549.95,33860.86,33205.79,33768.65,31226.61,31175.93,32621.61,28641.75,27005.21,23716.91,20247.96,20370.76,19868.62,14670.82,8716.40,7935.77,7643.71,7037.84,5861.17
GWP_100_AR5_GHG,GRC,Greece,EL54,Ipeiros,1776.14,1846.34,1833.05,1835.24,1869.51,1908.32,2043.22,2068.55,2140.03,2159.28,2177.41,2206.71,2262.49,2410.91,2359.36,2419.03,2411.19,2412.62,2373.45,2420.91,2251.49,2191.66,1874.01,1780.07,1773.83,1846.63,1852.00,1824.28,1788.69,1818.81,1713.38,1721.62,1818.52,1815.91,1830.50
GWP_100_AR5_GHG,GRC,Greece,EL61,Thessalia,6436.11,6532.07,6488.42,6497.40,6569.24,6768.93,6991.84,7099.91,7255.70,7160.84,7389.92,7492.44,7437.36,7607.23,7507.10,7593.84,7457.89,7765.64,7322.89,6362.11,5966.31,5492.05,5303.07,4843.52,4846.17,5041.07,5201.46,4941.43,4758.97,4750.07,4437.73,4462.37,4613.56,4533.57,4581.65
GWP_100_AR5_GHG,GRC,Greece,EL62,Ionia Nisia,796.51,838.63,849.86,847.96,868.01,887.01,954.91,972.85,1010.24,1025.39,1030.81,1035.86,1068.66,1133.14,1105.28,1134.26,1114.97,1128.29,1132.09,1142.49,1070.68,1047.80,885.19,826.29,830.38,889.25,888.98,825.97,829.36,874.97,814.71,807.00,871.96,848.53,865.39
GWP_100_AR5_GHG,GRC,Greece,EL63,Dytiki Elláda,3923.88,4030.73,3995.66,3989.70,4047.55,4193.84,4427.50,4493.44,4553.79,4518.35,4590.32,4663.87,4688.98,4850.27,4770.52,4869.72,4800.04,4886.26,4706.79,4530.82,4440.00,3828.98,3644.52,3375.02,3490.53,3588.36,3488.46,3367.22,3226.70,3239.61,3022.48,3014.64,3124.60,3076.48,3096.79
GWP_100_AR5_GHG,GRC,Greece,EL64,Sterea Elláda,6228.12,6376.69,6396.49,6379.77,6466.42,6698.61,6936.07,7022.04,7101.76,6992.41,7155.27,7157.22,7072.67,7211.21,8229.64,8358.24,8151.77,8590.87,8860.53,7531.77,9220.87,9442.63,8807.53,8379.03,7675.86,7704.56,8445.84,9063.35,8667.38,8854.55,8550.53,9039.49,8802.49,8634.72,8953.58
GWP_100_AR5_GHG,GRC,Greece,EL65,Peloponnisos,11678.16,12984.28,13332.98,13402.75,13637.52,14099.50,14016.44,13472.30,13692.38,13747.61,15059.73,14917.04,15249.39,14861.40,14971.98,14872.29,14616.69,15163.53,14207.44,13524.27,12682.98,12596.94,11459.64,10864.08,10391.44,10402.04,10480.34,10465.13,10252.85,9363.62,8724.14,9332.15,9396.76,8047.47,8273.58
GWP_100_AR5_GHG,GRC,Greece,,,3267.21,3289.76,3400.65,3312.88,3213.25,2937.44,2749.08,3018.51,3929.65,3839.53,3114.40,3455.79,3134.01,3060.66,3366.62,3280.86,3355.63,3194.76,2935.21,3718.91,3023.24,2319.63,2254.23,1915.94,1981.99,2221.81,2354.13,2451.37,2644.83,2765.59,1959.90,2319.97,2669.23,2893.84,2874.82
GWP_100_AR5_GHG,GRD,Grenada,,,92.85,93.31,95.35,102.51,113.42,107.12,111.76,137.04,126.00,127.84,103.74,105.08,110.61,117.86,114.62,120.39,130.74,140.78,149.83,157.32,169.63,142.32,145.64,173.97,162.06,169.81,180.72,181.72,198.31,237.01,210.68,218.38,228.94,233.55,240.99
GWP_100_AR5_GHG,GRL,Greenland,,,61.14,61.09,61.14,60.97,60.81,60.68,60.57,60.34,60.26,60.06,59.31,59.49,59.34,59.70,668.53,675.56,689.56,680.12,697.32,614.81,707.91,748.44,603.68,602.51,545.42,584.53,580.88,568.09,573.04,588.75,591.99,613.17,655.49,649.98,659.25
GWP_100_AR5_GHG,GTM,Guatemala,,,13079.72,13673.00,14833.65,15827.33,16213.63,17430.28,17417.93,18054.51,19967.90,20574.28,21645.23,22524.96,23630.30,23504.15,24331.72,25629.06,26244.29,27318.13,26772.53,28110.61,28210.77,28797.10,29771.35,31448.74,33137.07,36233.92,37841.40,37312.20,39586.91,40973.30,39544.94,42517.37,41487.33,42992.88,43472.17
GWP_100_AR5_GHG,GUF,French Guiana,FRY3,Guyane,348.41,398.22,340.12,419.42,393.32,437.86,463.64,476.86,521.75,509.05,308.39,284.60,273.84,313.83,319.80,321.33,319.27,340.12,353.75,449.41,451.37,479.68,493.89,494.07,498.12,502.55,514.50,513.57,520.22,525.89,528.74,537.77,542.39,562.90,572.25
GWP_100_AR5_GHG,GUF,French Guiana,,,11.48,13.29,9.33,12.02,13.98,16.63,17.68,21.48,18.47,19.38,9.14,7.94,6.85,8.58,8.31,8.30,7.80,8.91,9.95,11.85,11.39,12.55,12.55,12.55,12.55,12.55,12.55,12.55,12.55,12.55,12.55,12.55,12.55,14.11,14.01
GWP_100_AR5_GHG,GUM,Guam,,,12.17,12.26,12.46,12.68,12.78,12.86,12.94,13.08,13.11,13.26,13.38,15.34,15.50,15.53,15.61,15.63,15.64,15.70,15.67,15.73,15.78,15.96,16.29,16.29,16.40,16.46,16.58,16.77,16.95,17.15,17.39,17.41,17.57,17.73,17.95
GWP_100_AR5_GHG,GUY,Guyana,,,2471.66,2609.76,2662.07,2827.69,3131.04,3487.36,3565.44,3764.89,3704.13,3773.99,3513.13,3471.62,3325.35,3531.07,3473.77,3193.02,3016.83,3326.65,3401.23,3488.94,3696.88,3822.92,4042.90,4188.00,4461.55,4559.56,4633.06,4787.58,4858.44,5192.60,6255.59,6309.35,7790.83,8586.03,8730.86
GWP_100_AR5_GHG,HKG,Hong Kong,,,39245.41,42875.84,47924.88,48944.24,42596.23,43058.88,40469.29,38819.86,47235.98,50413.19,46643.71,46506.73,45522.40,49128.64,45297.98,47627.47,47106.08,49186.42,47918.23,50020.96,47127.42,50163.70,49662.55,51222.43,52649.74,49368.78,50276.42,49415.75,49395.99,48947.76,39598.85,40027.96,37640.80,39730.67,40307.05
GWP_100_AR5_GHG,HND,Honduras,,,8606.52,8704.13,9052.16,8824.46,9672.66,10078.98,10414.60,10551.80,11070.00,10529.97,10971.26,12063.80,13288.96,14847.05,15935.17,15082.61,16233.79,17495.05,17803.86,17801.84,17864.22,19119.23,19783.25,20167.84,20133.76,21197.39,20260.56,19763.64,19632.87,21058.50,20405.76,21739.04,22203.75,23782.19,24387.07
GWP_100_AR5_GHG,HRV,Croatia,HR02,Panonska Hrvatska,15602.06,11900.86,11185.44,10844.15,10212.05,10460.16,10393.81,11221.78,11283.67,11900.38,10436.69,10900.40,10917.21,9850.80,10518.56,10315.52,10598.04,11027.66,10648.78,9793.80,9720.62,9526.12,8964.69,8805.44,8637.87,9028.63,9099.84,9947.04,9513.97,9705.06,9624.43,9288.84,8824.12,9654.03,9991.91
GWP_100_AR5_GHG,HRV,Croatia,HR03,Jadranska Hrvatska,10372.19,8032.41,7065.14,6925.79,6820.45,7163.20,7660.31,8159.78,7883.10,8182.33,9152.87,9562.37,9941.24,10400.25,10743.84,11041.82,11048.13,11585.68,11377.76,10277.74,10629.11,10548.82,9929.41,10074.04,9949.09,9982.52,10306.23,9729.78,9499.65,9591.04,9033.47,9387.88,9544.26,9804.92,9674.20
GWP_100_AR5_GHG,HRV,Croatia,HR05,Grad Zagreb,1529.74,1344.36,1151.51,1207.05,1237.78,1251.52,1316.02,1330.81,1512.58,1538.11,1529.14,1617.88,1712.18,3874.41,3252.37,3254.67,3338.79,3749.89,3385.19,3622.82,2911.68,2894.33,2718.64,2402.06,2023.93,2223.56,2259.53,2379.26,2156.82,2214.46,2344.09,2361.30,2476.24,2610.65,2423.81
GWP_100_AR5_GHG,HRV,Croatia,HR06,Sjeverna Hrvatska,5166.28,4289.61,3868.07,4175.07,4020.22,3903.14,4184.42,4159.13,4117.89,4178.64,4178.97,4274.78,4489.94,4467.85,4578.33,4534.28,4585.12,4748.24,4539.62,4422.22,4425.02,4421.84,4238.61,4150.48,4166.92,4179.04,4279.49,4558.40,4358.09,4311.11,4287.72,4327.61,4369.55,4552.92,4574.88
GWP_100_AR5_GHG,HRV,Croatia,,,160.10,117.27,175.89,138.91,110.48,126.17,174.02,141.71,112.44,116.69,115.88,117.80,141.41,147.80,129.09,138.68,145.04,148.24,174.62,184.67,148.18,152.63,143.39,154.71,167.50,163.96,167.47,173.55,183.14,189.21,145.25,172.36,180.57,179.89,177.03
GWP_100_AR5_GHG,HTI,Haiti,,,7248.01,7446.97,7849.68,7575.36,7130.47,7945.48,8246.14,8746.87,8946.41,9135.45,9647.96,9746.46,10057.57,10128.27,10073.00,10260.86,10417.05,10948.28,11061.23,11222.43,11884.97,12439.56,12441.81,12720.48,13025.87,13370.23,13668.70,13692.51,13940.63,13824.83,13514.42,13463.43,13480.52,13615.28,13782.31
GWP_100_AR5_GHG,HUN,Hungary,HU11,Budapest,8752.66,8145.08,6939.19,6821.57,6982.01,6850.54,6935.84,5983.82,5462.85,5663.44,7919.04,8201.60,8904.56,9552.54,9903.45,10217.37,10587.47,10484.37,10069.27,8795.46,9484.72,7865.87,7307.45,6329.71,6134.97,6776.48,6732.93,7366.46,7151.45,7184.53,6853.44,6989.21,6402.02,5672.10,5668.93
GWP_100_AR5_GHG,HUN,Hungary,HU12,Pest,8705.85,8211.56,7264.13,7615.56,10232.34,10408.04,11189.36,11772.36,10220.69,10492.58,8273.80,8467.12,8626.35,8993.49,8843.23,9167.63,9326.79,8615.19,8695.69,8026.19,7813.65,8298.89,7695.15,7305.41,7410.03,7708.84,8169.98,8651.79,8739.53,8901.51,8739.90,8940.81,8429.55,7950.41,7933.53
GWP_100_AR5_GHG,HUN,Hungary,HU21,Közép-Dunántúl,23118.30,22237.61,20294.22,21445.54,18983.74,18196.76,18424.19,19056.26,17196.64,16641.14,14748.88,15009.81,13569.43,13882.15,13693.85,13191.78,12744.44,11922.85,10946.39,9557.59,9834.26,10435.01,10136.09,10221.50,10286.39,10674.93,10673.54,11093.14,11133.97,10974.16,10827.24,10929.46,9888.31,9363.71,9274.87
GWP_100_AR5_GHG,HUN,Hungary,HU22,Nyugat-Dunántúl,6850.21,6453.29,5573.73,5568.32,5574.93,5490.79,5659.68,5357.91,5265.30,5425.52,5327.20,5514.46,5607.33,5795.77,5948.67,6215.75,6120.24,5867.47,5837.53,5639.82,5677.22,6750.28,6353.03,6085.15,6120.18,6532.06,6487.50,7089.91,7236.52,7352.42,7107.21,7392.39,6982.04,6395.53,6392.03
GWP_100_AR5_GHG,HUN,Hungary,HU23,Dél-Dunántúl,9496.18,8696.44,7597.09,7614.67,7611.26,7509.35,7610.66,7479.48,7497.22,7664.65,7512.32,7733.26,7842.16,8050.00,8146.09,8321.75,8200.33,7932.87,7735.93,7283.86,7106.54,6864.76,6701.43,6041.46,6215.54,6632.07,6687.02,7042.90,7561.28,7951.95,7650.48,7939.59,7560.06,6967.55,6942.62
GWP_100_AR5_GHG,HUN,Hungary,HU31,Észak-Magyarország,18923.93,17425.07,16345.65,15745.18,15499.13,15827.32,16247.23,15872.61,19559.34,19432.62,18310.55,18551.42,17305.87,17827.44,16572.46,15849.07,15376.61,15648.01,15228.42,13640.12,13699.16,13052.12,12197.87,11811.19,11616.06,11783.94,11901.42,11522.99,11201.92,10794.61,10597.91,10297.28,9756.21,8827.64,8492.12
GWP_100_AR5_GHG,HUN,Hungary,HU32,Észak-Alföld,11410.28,10601.73,9006.71,9150.46,9021.97,8873.14,9250.31,8613.32,8497.42,8777.12,9234.24,9539.09,9566.03,9953.07,9972.51,10181.74,10003.16,9748.95,9470.25,9039.03,9052.46,8788.08,8273.23,8102.65,8108.98,8527.30,8459.24,9408.40,9322.76,9388.19,9282.35,9559.26,9013.27,8453.74,8443.11
GWP_100_AR5_GHG,HUN,Hungary,HU33,Dél-Alföld,8951.91,8619.71,7374.54,7277.42,7144.05,7008.23,7235.34,7026.85,6939.53,7155.85,7067.25,7328.17,7376.00,7647.23,7805.88,8083.52,7949.83,7538.59,7465.07,7276.93,7348.55,7246.36,6864.67,7042.94,7255.66,7453.07,7774.33,7674.23,7745.04,7749.03,7606.67,7884.05,7516.84,7306.86,7293.15
GWP_100_AR5_GHG,HUN,Hungary,,,219.76,53.09,40.72,15.51,12.54,3.19,3.19,6.38,3.19,,,3.19,6.38,28.69,12.58,12.50,9.40,3.19,3.19,3.19,3.19,,19.13,15.94,19.13,19.13,19.04,19.04,19.04,22.15,15.85,12.67,15.85,12.67,12.54
GWP_100_AR5_GHG,IDN,Indonesia,,,338041.33,358765.65,377002.52,395726.60,415011.46,445082.78,469835.43,495032.14,493659.11,506822.40,513069.82,536255.41,543441.75,573260.99,585328.25,593162.08,626633.98,650315.70,653179.37,685376.70,722938.17,822622.12,842742.35,808422.53,851919.22,853122.17,851531.14,905889.42,1002763.40,1062268.52,1007147.77,1037280.64,1181299.20,1261322.35,1323777.91
GWP_100_AR5_GHG,IMN,Isle of Man,,,0.92,0.93,0.93,0.94,0.94,0.95,0.95,0.95,0.96,0.96,0.98,2.23,2.26,2.29,2.32,2.35,2.38,2.41,2.43,2.55,2.61,2.68,2.70,2.72,2.74,2.66,2.69,2.72,2.73,2.75,2.77,2.79,2.81,2.82,2.84
GWP_100_AR5_GHG,IND,India,IND.1_1,Andaman and Nicobar,353.45,370.00,390.40,392.40,415.85,448.03,476.44,509.14,525.47,577.98,571.73,567.59,564.60,577.90,669.62,677.17,738.16,862.84,928.42,1048.93,1052.66,1090.98,1254.45,1225.15,1351.63,1327.91,1441.57,1498.06,1610.75,1609.10,1282.65,1240.23,1421.79,1531.81,1591.24
GWP_100_AR5_GHG,IND,India,IND.10_1,Goa,1773.73,1816.69,1854.59,1903.21,2006.79,2004.05,2044.78,2125.34,2214.77,2215.45,2290.31,2295.24,2309.03,2284.31,2424.58,2468.74,2572.74,2623.48,2768.10,2751.96,2936.19,3000.34,3010.68,2992.63,3078.27,3238.80,3293.86,3419.98,3362.42,3414.42,3321.25,3516.86,3644.05,3811.76,3921.99
GWP_100_AR5_GHG,IND,India,IND.11_1,Gujarat,70575.29,73948.57,77008.80,83330.87,84977.99,88747.79,90868.72,108954.50,117216.00,121503.97,125805.52,126868.00,130791.35,133894.68,139628.58,144286.44,152897.51,163367.62,171668.78,184685.27,207183.34,221862.86,246291.02,258949.29,264157.73,267462.02,265834.14,279113.66,283736.38,286591.87,274967.42,298125.19,314191.20,333481.66,342351.59
GWP_100_AR5_GHG,IND,India,IND.12_1,Haryana,26755.24,27546.52,28146.04,28591.21,29469.10,30012.19,30819.85,32150.00,33549.97,34338.52,37277.76,38717.15,38856.19,39425.50,42553.85,45343.61,46873.22,48869.04,56058.56,56027.82,65587.07,72039.93,80980.36,78942.20,79516.50,78735.56,76200.09,77224.94,79008.88,79225.20,77030.31,81474.73,86136.39,90152.60,91792.03
GWP_100_AR5_GHG,IND,India,IND.13_1,Himachal Pradesh,6958.96,7211.47,7243.65,7286.08,7712.24,7864.80,8065.41,8512.69,8789.19,9072.84,9279.25,9424.65,9645.94,9917.18,10320.25,10757.53,11246.81,12143.68,12951.88,13335.23,14063.87,15194.64,16084.43,16517.07,16617.36,17087.53,17226.73,18033.11,18171.54,18339.51,17321.25,18582.36,19465.94,20191.30,20968.91
GWP_100_AR5_GHG,IND,India,IND.14_1,Jammu and Kashmir,7311.98,7557.25,7661.39,7811.63,8131.57,8343.65,8556.30,8870.28,8891.88,9107.08,8974.32,8967.20,8973.07,9238.73,9512.61,9918.15,10147.53,10754.77,11909.32,11941.80,12458.87,12874.12,13189.48,13254.89,13628.35,14189.76,14389.15,15028.05,15294.16,15493.82,14944.87,15681.25,16345.64,16803.95,17312.23
GWP_100_AR5_GHG,IND,India,IND.15_1,Jharkhand,54543.07,58327.36,59057.45,60016.09,59477.72,61575.57,64546.00,65967.56,64245.69,66305.55,68529.94,70076.32,71826.56,73598.61,76383.99,79015.16,83125.31,85891.55,88901.34,94172.47,96149.49,110099.30,118036.93,113705.45,119653.59,118769.55,119080.35,123404.19,122760.72,121154.15,116524.30,128446.85,138116.51,161965.67,174456.73
GWP_100_AR5_GHG,IND,India,IND.16_1,Karnataka,47045.75,49516.87,50250.74,51347.89,61133.30,63200.11,65099.01,67100.28,69602.34,74923.62,77453.66,78149.27,81476.37,83225.90,86657.35,90202.47,98319.30,109829.46,117062.26,126198.46,138467.30,151111.40,158725.20,161469.98,166726.14,170121.30,180855.73,196642.69,207234.85,206893.05,196664.47,214966.04,229207.78,242269.55,248752.59
GWP_100_AR5_GHG,IND,India,IND.17_1,Kerala,18285.84,18550.37,18925.90,17478.17,18361.87,18227.95,18662.36,20265.23,19956.25,23304.55,23683.66,23193.56,23616.07,23396.33,24046.05,24830.28,25719.77,27617.48,30700.87,30199.14,32338.42,33664.04,33691.14,33521.96,34431.00,36320.41,37505.04,39466.22,39620.41,40217.41,38450.00,41018.29,42711.78,43888.85,45480.77
GWP_100_AR5_GHG,IND,India,IND.18_1,Lakshadweep,162.43,174.58,202.31,214.96,231.45,257.53,279.40,295.67,326.73,383.79,387.51,388.74,380.14,400.82,538.86,509.54,602.44,779.93,780.44,942.47,847.57,874.07,1172.63,1131.89,1331.57,1150.14,1326.15,1326.37,1518.37,1461.10,879.50,720.40,945.80,1113.75,1176.33
GWP_100_AR5_GHG,IND,India,IND.19_1,Madhya Pradesh,65324.86,69056.48,70045.94,73801.06,76751.79,79412.09,81643.53,83774.76,85234.49,92857.79,96578.02,98048.15,97773.93,100824.26,105123.59,107838.87,114945.92,127337.86,132026.64,135237.41,136013.25,137882.68,150504.83,158664.70,183292.92,189559.37,185683.89,190939.23,206292.77,210741.60,207111.33,227102.09,245093.81,257235.80,260507.39
GWP_100_AR5_GHG,IND,India,IND.2_1,Andhra Pradesh,89672.08,92723.67,93495.65,93508.95,90385.94,94893.03,97072.72,99019.27,99153.06,101829.35,104984.11,105909.60,116141.99,118172.36,123660.30,125989.02,131336.78,137618.41,142120.79,153875.74,164619.86,171251.44,181350.51,166839.19,177056.40,189147.89,190258.16,210911.38,210866.10,206332.85,202287.31,214581.27,225841.73,247327.79,256206.08
GWP_100_AR5_GHG,IND,India,IND.20_1,Maharashtra,118536.27,126491.07,134550.46,139614.30,145151.89,155029.16,161087.33,169692.78,178018.91,189206.48,191977.29,195411.07,195726.49,201435.42,224888.13,226587.75,245491.13,280698.89,287772.62,315724.25,319891.73,333734.03,380823.27,393460.26,432277.97,417503.95,441977.63,461053.21,488618.95,482767.29,401550.69,405561.98,453417.37,490922.57,508423.28
GWP_100_AR5_GHG,IND,India,IND.21_1,Manipur,1560.17,1599.24,1629.29,1617.80,1690.70,1731.20,1786.31,1874.45,1882.26,1940.86,1904.70,1907.69,1886.42,1935.00,2006.49,2098.51,2166.95,2319.70,2577.53,2609.27,2769.92,2881.17,2932.71,2952.20,3030.56,3193.93,3276.53,3435.33,3524.50,3567.06,3433.63,3604.76,3811.60,3902.51,4030.88
GWP_100_AR5_GHG,IND,India,IND.22_1,Meghalaya,3087.77,3214.72,3191.99,3292.54,3497.98,3597.85,3707.69,3877.56,4108.09,4289.77,4411.43,4496.20,4588.01,4763.52,4963.25,5153.21,5405.33,5886.11,6265.68,6522.58,6789.94,7463.78,8095.27,8408.90,8403.61,8541.56,8628.27,9009.99,9277.43,9326.71,8685.05,9304.95,9834.79,10305.05,10738.99
GWP_100_AR5_GHG,IND,India,IND.23_1,Mizoram,874.00,907.24,928.34,958.40,1005.44,1063.40,1113.00,1155.42,1179.60,1229.83,1221.00,1221.31,1205.27,1248.09,1311.96,1363.45,1414.27,1546.23,1732.87,1802.67,1907.90,2000.61,2064.08,2077.67,2136.12,2264.18,2313.92,2435.37,2525.25,2575.53,2443.09,2557.90,2734.75,2815.35,2908.35
GWP_100_AR5_GHG,IND,India,IND.24_1,Nagaland,966.63,1005.36,1017.62,1011.77,1074.96,1124.92,1178.34,1230.55,1182.92,1197.75,1184.81,1186.79,1192.16,1195.64,1251.34,1279.38,1307.02,1407.89,1529.83,1600.68,1697.21,1693.87,1752.45,1727.90,1753.89,1823.71,1878.47,1987.62,2020.90,2033.89,1907.62,2006.35,2137.41,2166.39,2233.68
GWP_100_AR5_GHG,IND,India,IND.25_1,NCT of Delhi,12942.20,13293.36,13670.59,13513.24,13785.11,14078.40,15074.34,15769.03,15909.51,16263.56,16109.15,16077.71,16178.92,16665.62,17480.69,18151.66,18563.05,19287.62,19421.33,19981.46,20774.89,19463.34,20032.39,18481.10,19321.44,19585.17,19571.88,20535.52,20213.56,17040.13,15819.04,16861.98,17161.47,17816.01,18576.88
GWP_100_AR5_GHG,IND,India,IND.26_1,Odisha,52968.79,56257.13,57678.29,57798.50,58254.24,65414.37,69614.55,69239.74,67787.84,70807.67,71896.06,72521.07,74722.40,83676.42,90301.96,98403.29,106907.78,111206.55,122633.14,132851.89,144891.54,154700.08,161101.90,168020.50,184013.82,182753.40,186098.59,192077.34,200689.99,207151.93,200124.78,224473.69,239997.64,257889.71,264812.48
GWP_100_AR5_GHG,IND,India,IND.27_1,Puducherry,464.05,469.44,480.79,473.46,497.62,492.85,503.34,540.45,571.99,585.99,561.91,565.48,574.01,621.08,647.75,693.73,725.48,786.82,908.36,924.75,1015.27,1060.28,1060.50,1118.08,1165.71,1232.58,1274.72,1346.97,1318.51,1323.46,1254.73,1354.53,1414.81,1465.75,1520.31
GWP_100_AR5_GHG,IND,India,IND.28_1,Punjab,31130.54,32063.57,33377.27,35738.63,36653.61,37726.48,38833.38,41169.17,43765.68,44480.90,44430.68,45098.51,44462.15,45488.45,47150.95,48742.61,50102.31,52275.26,55409.01,55890.76,59059.20,59462.64,60204.60,59901.52,71125.92,73089.15,75445.25,78124.32,80436.49,76334.74,74279.85,79668.98,84639.79,87786.40,89427.87
GWP_100_AR5_GHG,IND,India,IND.29_1,Rajasthan,56837.11,59171.28,59662.49,60711.52,62836.92,64771.49,66578.39,70213.98,74388.65,76325.59,78470.50,81027.72,83312.80,87303.73,92514.67,97807.91,101218.61,109383.64,115952.71,124327.83,132725.24,140584.99,145383.32,150512.93,162798.15,165246.73,161616.26,169807.68,178529.50,181610.39,173976.85,189583.59,201083.37,210058.22,214362.31
GWP_100_AR5_GHG,IND,India,IND.3_1,Arunachal Pradesh,2160.16,2149.62,2111.08,2013.37,2065.40,2170.22,2224.73,2371.75,2347.41,2428.70,2364.76,2356.85,2263.70,2359.41,2444.85,2524.17,2614.95,2749.24,2998.27,3107.95,3235.59,3305.68,3409.88,3415.61,3288.81,3365.56,3387.15,3547.05,3660.38,3881.12,3974.82,3995.98,4143.32,4214.29,4321.00
GWP_100_AR5_GHG,IND,India,IND.30_1,Sikkim,363.81,377.56,386.99,389.65,408.65,427.68,444.51,463.70,459.22,475.73,471.85,471.34,468.78,482.67,504.63,523.61,541.46,583.65,651.22,667.18,703.40,732.25,753.85,755.35,776.08,819.66,837.63,878.91,909.96,926.01,887.52,925.15,981.67,1007.84,1038.74
GWP_100_AR5_GHG,IND,India,IND.31_1,Tamil Nadu,253124.27,259848.96,266060.22,270421.62,274360.55,279787.50,284210.01,286887.20,289156.70,292530.27,293894.83,297962.79,301497.14,306496.40,315057.57,321598.34,329711.34,340305.00,346699.11,345076.40,349106.36,355892.12,366160.95,397875.26,402544.09,411721.45,415040.30,414476.20,428485.11,436452.91,423523.26,443852.13,458983.76,473906.14,486371.07
GWP_100_AR5_GHG,IND,India,IND.32_1,Telangana,52531.43,55389.58,56231.90,58071.66,59381.57,61334.02,63144.96,65935.23,68841.22,70617.94,71486.81,72649.52,72831.69,74655.08,77642.94,83243.21,86151.02,89400.19,92033.20,96719.41,99544.12,103511.73,106837.59,97026.70,98304.28,102413.17,103162.22,103936.97,112073.14,110260.23,110194.11,117737.83,127402.62,138448.65,158307.54
GWP_100_AR5_GHG,IND,India,IND.33_1,Tripura,1784.44,1827.92,1831.17,1834.15,1898.24,1951.72,2002.00,2068.39,2040.13,2098.22,2071.39,2075.79,2037.23,2104.26,2161.14,2227.81,2283.23,2376.82,2625.08,2596.12,2674.99,2722.63,2784.50,2833.92,3223.49,3669.18,3834.41,3933.32,4003.21,3977.30,3894.72,3916.81,3922.05,4057.13,4228.02
GWP_100_AR5_GHG,IND,India,IND.34_1,Uttar Pradesh,131716.27,138270.23,141331.28,147373.68,162384.08,168954.22,173274.81,174123.50,175738.20,181613.14,184280.27,185288.70,183892.27,189710.81,197441.71,207470.68,215047.37,222509.21,232985.24,232741.55,242420.42,250021.23,259228.93,255645.57,257346.49,263620.98,269530.55,278520.62,287481.73,288368.63,282707.68,306706.91,327039.86,340191.59,374937.47
GWP_100_AR5_GHG,IND,India,IND.35_1,Uttarakhand,5172.14,5336.43,5407.67,5435.71,5653.18,5796.81,5962.63,6254.85,6257.61,6469.50,6338.76,6356.10,6303.11,6751.57,6972.82,7270.88,7507.22,7883.73,9191.21,9266.53,9783.24,10287.22,10380.30,11011.09,11313.32,11770.09,11954.12,12477.98,12770.86,12967.50,12664.18,13154.26,13743.16,14483.78,14912.12
GWP_100_AR5_GHG,IND,India,IND.36_1,West Bengal,85818.21,91081.03,94461.03,95160.55,100549.49,104881.78,108704.48,110059.39,109394.30,117484.11,120220.38,122400.62,124243.45,127961.61,137419.47,140950.31,146026.94,151920.06,163975.20,167448.91,173743.23,185570.10,192278.51,182879.28,193194.32,194967.74,194425.72,202893.59,208359.56,205945.08,200169.92,217870.97,221167.88,231041.49,236211.45
GWP_100_AR5_GHG,IND,India,IND.4_1,Assam,35973.43,36201.40,35722.95,34871.23,35547.31,36946.15,37644.24,39382.44,39393.27,40071.38,40819.69,41060.15,40324.14,34822.65,35876.22,36517.50,37731.70,38760.99,40876.94,40617.67,41829.60,42125.99,42948.69,43105.91,43500.46,45943.10,45945.81,47481.88,46628.91,48516.37,48905.57,49468.79,51587.18,53776.12,54923.98
GWP_100_AR5_GHG,IND,India,IND.5_1,Bihar,39598.13,40759.81,42081.10,42661.14,44986.97,47255.47,49670.87,50924.73,50776.31,52301.75,52351.65,52810.24,52219.26,54388.74,55964.95,57314.97,58792.70,60493.42,69427.25,70888.45,74759.34,74442.06,75283.46,74842.78,79300.30,83241.70,82920.22,86920.89,91124.09,95453.78,93974.18,107059.07,115720.32,123963.33,132502.33
GWP_100_AR5_GHG,IND,India,IND.6_1,Chandigarh,1364.00,1344.99,1389.82,1150.05,1202.99,1144.58,1151.49,1269.98,1198.86,1206.82,1130.21,1144.02,1158.02,1038.18,1070.27,1183.64,1243.57,1355.59,1274.62,1302.59,1484.96,1571.47,1526.73,1414.27,1473.98,1573.27,1619.18,1725.05,1586.97,1595.97,1541.56,1689.59,1747.86,1734.48,1801.90
GWP_100_AR5_GHG,IND,India,IND.7_1,Chhattisgarh,62468.43,66391.85,67325.14,68867.92,71132.08,75590.65,78076.73,77588.60,76377.54,79716.25,81498.02,82302.24,84996.36,87590.25,93149.54,96121.43,102836.28,112572.61,125206.66,135291.29,142637.10,155715.91,168624.91,171062.02,194266.31,205097.37,204413.93,215440.48,231872.68,229654.46,224178.75,247803.01,267706.53,286048.23,290251.17
GWP_100_AR5_GHG,IND,India,IND.8_1,Dadra and Nagar Haveli,326.17,323.61,333.58,434.64,453.92,434.52,438.11,477.92,658.20,661.62,618.98,628.20,632.03,679.12,701.74,774.47,818.13,893.47,999.62,1029.38,1174.15,1248.02,1206.31,1328.26,1378.22,1472.91,1513.19,1612.09,1558.71,1562.87,1513.16,1661.15,1713.93,1832.34,1904.23
GWP_100_AR5_GHG,IND,India,IND.9_1,Daman and Diu,344.62,339.86,352.45,579.56,605.82,575.82,580.22,638.77,934.99,938.14,873.49,887.42,894.97,845.03,875.76,974.25,1033.35,1139.37,1109.80,1155.18,1329.43,1422.08,1373.88,1329.41,1382.07,1483.38,1526.37,1631.90,1478.06,1481.81,1424.59,1570.64,1625.85,1719.85,1788.31
GWP_100_AR5_GHG,IND,India,,,12776.87,11353.53,10100.56,8409.36,8560.34,9389.66,9294.44,10215.55,9327.67,9324.89,9155.29,8935.69,8232.63,9050.31,9441.05,10929.25,12029.56,13872.67,14255.77,14852.93,14954.05,15903.06,16954.07,15738.10,16155.39,16954.95,18631.22,23203.31,25797.07,25043.93,17235.99,21716.59,24684.20,25001.20,26117.08
GWP_100_AR5_GHG,IRL,Ireland,IE04,Northern and Western,11653.49,11834.91,11843.66,12024.52,12294.01,12398.95,12630.12,12869.19,13382.17,13792.20,14811.46,15058.48,15089.44,15986.41,16134.66,16285.69,17790.65,17133.78,16652.24,15541.49,14878.40,13937.67,13825.95,13741.54,13781.12,13893.68,14580.81,14588.25,14113.03,14078.21,13681.49,14098.97,13977.03,13375.53,13284.48
GWP_100_AR5_GHG,IRL,Ireland,IE05,Southern,30315.28,30889.95,31432.26,31523.62,32179.29,32622.54,33210.89,33949.70,35177.43,35766.88,36843.81,38409.74,37027.12,35715.22,35129.61,36940.04,35716.12,34756.10,34535.98,32154.93,32686.31,31102.31,32683.85,31744.52,32022.55,33410.99,34644.63,33960.61,31735.46,30003.12,28439.74,29955.53,29277.33,27107.35,25998.62
GWP_100_AR5_GHG,IRL,Ireland,IE06,Eastern and Midland,16848.87,16762.65,16348.75,16793.60,17359.81,17586.91,18294.95,18768.38,19784.19,20837.97,22459.15,23060.23,23308.79,24096.37,24328.94,24340.21,24331.09,24567.98,24560.00,23185.60,22287.33,20550.10,20462.01,20592.67,20098.25,20237.04,21301.42,21107.66,21083.15,20904.27,20434.15,20667.16,20259.38,19547.31,20073.11
GWP_100_AR5_GHG,IRL,Ireland,,,134.38,137.46,109.72,159.29,165.59,140.64,159.64,175.16,187.82,212.90,247.21,265.84,281.46,287.80,336.84,348.85,512.43,438.58,399.15,362.99,344.95,259.86,269.67,265.68,295.00,245.07,277.14,250.77,274.88,292.94,350.18,379.12,343.88,327.77,321.62
GWP_100_AR5_GHG,IRN,Iran,,,331283.74,375980.72,400015.00,398496.04,437636.23,438414.35,456788.55,470425.19,455617.89,481548.94,511377.32,516948.30,533275.10,580304.12,607849.00,650680.30,697203.66,721223.06,737024.91,757697.78,767599.70,776162.73,766304.48,786381.56,800223.39,793332.05,837861.47,866986.76,856691.57,891364.20,909938.22,974107.19,989864.56,1030094.69,1054765.07
GWP_100_AR5_GHG,IRQ,Iraq,,,171718.24,78394.93,106600.30,136395.17,148303.74,148392.94,138161.80,177248.31,158937.42,148087.88,167851.37,181674.41,169949.84,152201.00,170869.92,164520.83,164146.87,154437.95,171497.82,187344.04,210534.18,223788.57,253353.12,265303.35,265477.19,275916.29,325512.03,339868.23,357464.55,377126.64,345617.85,361816.75,399167.46,405173.16,413276.42
GWP_100_AR5_GHG,ISL,Iceland,IS00,Ísland,4319.21,4303.25,3219.09,3341.49,3459.18,3316.65,3601.48,3553.16,3713.76,3779.43,3894.28,4002.17,4207.06,4177.06,4261.09,4172.59,4318.92,4673.67,4968.50,5012.67,4943.79,4826.60,4826.93,4863.22,4583.48,4791.23,4307.74,4453.78,4408.12,4256.24,4189.73,4222.49,4253.56,4207.28,4242.72
GWP_100_AR5_GHG,ISL,Iceland,,,94.22,84.74,87.96,84.92,100.69,62.70,78.43,62.61,56.21,50.11,43.76,46.91,37.50,40.69,40.82,40.82,78.51,81.38,81.83,53.32,56.57,37.71,31.34,34.46,59.28,47.19,49.93,54.12,67.40,80.27,38.04,37.86,48.17,38.77,39.69
GWP_100_AR5_GHG,ISR,"Israel and Palestine, State of",,,41927.44,42696.50,45495.09,49489.21,53065.44,56484.90,59842.04,61739.69,62880.79,64502.04,69117.07,69223.94,72494.41,74297.06,74140.91,72146.95,75401.00,78022.12,79513.61,77971.96,83724.47,83773.53,90599.89,82035.44,79466.99,82864.28,83245.52,83284.89,79914.88,82374.69,78862.23,78521.25,81863.15,79053.41,76620.73
GWP_100_AR5_GHG,ITA,"Italy, San Marino and the Holy See",ITC1,Piemonte,32572.97,33091.59,33000.47,32940.87,32498.71,34054.65,34333.83,34769.13,35852.25,36920.30,32664.01,32772.10,33288.05,35340.57,38822.64,40603.30,39408.26,39641.82,39635.77,37133.16,37735.53,37085.58,34827.71,32779.85,31193.74,31771.76,32689.22,32737.81,32717.06,32844.18,30190.21,33650.74,32988.61,31051.41,30490.67
GWP_100_AR5_GHG,ITA,"Italy, San Marino and the Holy See",ITC2,Valle d’Aosta/Vallée d’Aoste,1074.61,1093.15,1118.49,1130.15,1105.71,1139.62,1145.54,1148.95,1178.84,1190.95,1191.61,1207.80,1207.68,1233.32,1252.14,1253.79,1240.19,1224.74,1184.54,1138.19,1145.87,1120.02,1085.09,1062.52,1053.01,1051.75,1039.49,1010.80,1026.23,1024.58,893.75,1024.86,1023.42,1000.70,990.24
GWP_100_AR5_GHG,ITA,"Italy, San Marino and the Holy See",ITC3,Liguria,17640.41,15774.04,12449.08,10951.88,11321.91,12416.72,12073.61,11912.25,12398.79,12729.45,16199.50,16712.72,17466.08,17890.80,19363.05,19025.09,18863.72,20664.35,19929.20,18051.04,16737.12,16856.56,17302.77,15946.94,15379.89,15203.09,14218.51,10414.07,9511.49,9036.30,7884.63,8672.98,7321.26,6866.35,6701.50
GWP_100_AR5_GHG,ITA,"Italy, San Marino and the Holy See",ITC4,Lombardia,67203.00,66609.28,66426.37,65559.90,64463.70,67114.92,67028.18,66067.12,67340.14,68713.23,65875.05,65144.80,64844.57,73921.51,80252.90,85759.50,82377.88,81037.80,80112.65,72638.52,74379.74,73287.50,70088.17,64403.66,61294.39,60596.43,65314.29,66484.41,66334.83,66634.31,62736.81,67666.45,65640.29,61603.29,60702.12
GWP_100_AR5_GHG,ITA,"Italy, San Marino and the Holy See",ITF1,Abruzzo,8713.07,8933.69,9031.32,9044.73,9287.26,9675.83,9714.61,9756.86,10456.44,10923.99,10978.30,10782.05,10742.41,11045.06,11083.87,11104.76,10834.49,10765.54,12059.64,10876.21,10886.96,10509.31,10065.79,9515.91,9148.14,9291.88,10213.31,9386.01,9327.97,9412.66,8526.84,9720.18,9563.59,9019.09,8877.72
GWP_100_AR5_GHG,ITA,"Italy, San Marino and the Holy See",ITF2,Molise,3102.44,3138.26,4057.58,3965.97,3800.73,3981.62,3929.44,3746.78,3847.43,4015.36,4235.45,4058.35,4028.23,4107.77,4206.92,4214.25,5684.64,5664.51,5200.16,4399.12,4385.99,4258.08,3914.51,3493.89,3311.85,3364.51,3485.30,3473.17,3373.50,3482.10,3155.51,3452.22,3412.85,3131.38,3098.46
GWP_100_AR5_GHG,ITA,"Italy, San Marino and the Holy See",ITF3,Campania,17169.72,17730.20,17657.94,17653.38,17049.11,17890.12,18028.72,19037.04,19614.44,20324.08,19984.65,20023.13,19838.68,20511.60,20882.97,21264.60,20650.07,21776.31,21069.52,20383.82,20208.23,19637.24,18649.20,17933.01,17025.74,17646.95,17690.98,17569.04,17529.23,17562.33,16005.24,17621.21,17049.96,16737.03,16495.15
GWP_100_AR5_GHG,ITA,"Italy, San Marino and the Holy See",ITF4,Puglia,48929.37,49799.99,49068.75,47064.10,47873.82,51352.22,49309.24,43110.22,41945.92,40644.42,44978.71,45688.42,47029.38,48530.91,51412.11,51786.17,52330.79,51335.91,49236.16,39442.35,40282.84,42107.92,41908.27,37847.07,36281.34,36575.58,34462.53,34375.84,32841.63,29731.30,26191.70,26598.11,29754.46,24611.41,23987.75
GWP_100_AR5_GHG,ITA,"Italy, San Marino and the Holy See",ITF5,Basilicata,14564.10,14442.34,14320.36,14146.45,14050.73,14699.36,14313.37,11209.43,10473.15,9785.38,9828.08,9070.26,9148.91,9060.59,8890.51,8489.83,8308.56,7912.31,7269.40,6882.53,6872.45,6864.55,6183.18,5955.71,5865.61,6023.31,5877.42,5713.26,5865.10,5847.51,4841.62,5256.56,5304.80,5003.59,4939.28
GWP_100_AR5_GHG,ITA,"Italy, San Marino and the Holy See",ITF6,Calabria,9300.04,9513.68,9632.44,9535.61,9284.36,10041.09,10397.43,10314.50,10578.32,10923.42,10687.32,10610.35,10597.36,10956.10,11306.21,11419.08,12872.74,12735.60,15199.15,13366.01,14486.85,13868.63,12894.93,11660.41,11231.84,11378.93,11747.08,11986.90,11612.83,11956.07,10854.82,11780.43,11556.71,10588.12,10283.79
GWP_100_AR5_GHG,ITA,"Italy, San Marino and the Holy See",ITG1,Sicilia,64443.85,63204.37,63518.60,62939.93,62254.08,65462.14,63526.39,50647.86,47943.92,46087.52,48515.53,46052.85,46630.86,45490.11,45912.88,45162.54,41798.18,40530.34,38355.50,33892.19,36748.87,35114.92,32644.80,29119.16,27688.63,29126.76,28525.43,29241.02,28853.70,28866.41,26084.26,27374.29,27318.18,25721.15,25218.95
GWP_100_AR5_GHG,ITA,"Italy, San Marino and the Holy See",ITG2,Sardegna,25748.29,25196.40,31071.68,31015.50,31075.19,32633.79,31891.23,26671.08,26045.90,24975.56,25424.50,31035.21,32131.12,31072.56,30554.81,31335.72,30631.14,29772.44,28635.35,25775.70,25119.36,24904.10,24199.01,22546.14,21707.21,22650.66,21062.56,21515.98,21127.02,19778.73,17361.36,18172.60,20118.14,17735.95,17458.63
GWP_100_AR5_GHG,ITA,"Italy, San Marino and the Holy See",ITH1,Provincia Autonoma di Bolzano/Bozen,3208.40,3302.74,3337.07,3389.97,3310.66,3464.33,3507.14,3576.08,3732.54,3819.68,3247.59,3280.69,3273.62,3513.63,3733.81,3754.70,3702.98,3631.10,3547.89,3426.45,3461.33,3355.89,3199.01,3120.70,3058.12,3159.30,3137.94,3074.81,3174.80,3144.39,2766.56,3200.14,3172.16,3079.73,3071.83
GWP_100_AR5_GHG,ITA,"Italy, San Marino and the Holy See",ITH2,Provincia Autonoma di Trento,3879.87,4015.81,4077.41,4072.37,4067.15,4236.52,4280.46,4354.05,4500.07,4552.44,4276.65,4324.92,4340.64,4566.08,4489.75,4459.31,4389.23,4342.62,4342.78,4087.12,4093.52,3819.93,4060.45,3602.74,3554.17,3634.99,3568.95,3583.96,3636.11,3612.32,3270.12,4074.33,3956.00,3823.93,3797.94
GWP_100_AR5_GHG,ITA,"Italy, San Marino and the Holy See",ITH3,Veneto,55289.31,53497.84,51441.52,51581.90,52030.55,54906.56,53970.87,53163.87,54180.43,54791.78,52690.26,55699.73,55894.09,58246.31,59434.56,58961.45,54352.43,53263.31,52112.37,47849.24,48402.43,46519.91,45590.15,44009.72,42539.42,46751.89,39157.99,38439.90,38762.28,37345.00,33761.15,38433.06,37907.94,35945.46,33803.46
GWP_100_AR5_GHG,ITA,"Italy, San Marino and the Holy See",ITH4,Friuli-Venezia Giulia,12383.92,12260.19,11764.78,11390.14,11510.71,12074.99,12071.09,12238.65,12577.63,12742.31,15339.74,15096.53,15296.52,15635.49,15362.78,14925.36,16507.87,16166.49,15320.20,13855.15,13924.66,13493.05,12877.85,12119.94,11692.38,11945.40,11892.89,11822.71,11688.23,11384.86,10165.79,11689.20,11952.00,10969.76,10797.68
GWP_100_AR5_GHG,ITA,"Italy, San Marino and the Holy See",ITH5,Emilia-Romagna,46264.06,45571.71,44445.81,44299.55,43001.91,44951.81,44767.18,45423.13,45300.56,45997.85,42883.08,40816.61,45999.44,52589.04,49699.42,49212.12,49740.36,51150.80,46104.35,42633.75,43032.30,41637.27,40388.74,37628.32,36326.56,35243.25,37938.08,37700.84,37890.72,37810.91,35060.99,40662.08,38874.32,37126.34,36414.63
GWP_100_AR5_GHG,ITA,"Italy, San Marino and the Holy See",ITI1,Toscana,22326.63,22782.01,22395.26,22260.67,22007.25,23042.31,23151.60,24269.73,25046.09,25764.33,24546.20,25413.12,25325.44,26586.44,27777.72,26713.38,26712.02,27177.21,26105.36,23702.65,24254.46,23698.97,21936.93,20836.80,19887.17,20571.52,20326.87,20621.98,20875.15,20879.70,19016.90,21251.49,20878.20,19727.58,19391.40
GWP_100_AR5_GHG,ITA,"Italy, San Marino and the Holy See",ITI2,Umbria,8567.16,8387.23,8048.77,7699.33,7756.72,8172.07,8080.18,8160.19,8477.33,8829.81,8621.30,8667.74,8517.19,10102.32,10458.68,10466.15,10072.44,10026.27,10793.74,9691.50,9550.32,9452.72,8902.40,7834.23,7394.22,7442.60,7388.24,7370.13,7397.51,7257.84,6598.32,7050.14,6885.84,6543.42,6468.97
GWP_100_AR5_GHG,ITA,"Italy, San Marino and the Holy See",ITI3,Marche,8397.45,8413.78,8549.04,8708.10,8585.76,8936.26,9002.28,9168.87,9551.60,9701.32,9166.52,10968.64,11060.21,11148.74,11013.30,11054.37,10701.15,10534.31,10272.26,9735.15,9822.03,9581.10,9012.04,7655.63,7617.88,7767.40,7844.00,7966.71,8000.15,7912.20,7170.41,7993.55,7905.12,7575.62,7474.83
GWP_100_AR5_GHG,ITA,"Italy, San Marino and the Holy See",ITI4,Lazio,31580.62,32698.20,31808.26,31344.89,29739.03,31621.65,31873.00,61760.64,69411.53,71898.52,80765.15,72876.66,72936.99,68112.81,64520.11,61175.85,59236.02,54574.39,52359.61,49653.86,54275.25,52216.68,51788.29,48392.74,45236.46,47211.52,46296.79,46505.82,45652.43,43296.04,39534.64,39916.99,41314.89,35957.73,35920.50
GWP_100_AR5_GHG,ITA,"Italy, San Marino and the Holy See",,,2291.55,2487.91,2465.53,2521.80,2618.92,2767.63,4118.98,4194.24,3707.70,5840.72,6055.89,6055.02,6042.37,6593.06,6575.68,6594.35,6747.38,6722.28,6885.77,5891.86,5760.13,5603.49,5175.49,5276.63,5129.19,5124.05,5349.44,5129.22,4675.36,4671.83,3424.57,3670.32,4161.72,4691.75,4786.19
GWP_100_AR5_GHG,JAM,Jamaica,,,9250.34,9225.55,10033.82,10185.31,10235.91,10579.40,10916.36,11102.88,11618.86,11911.62,11979.71,12047.35,12004.62,12366.96,12331.66,12306.62,13714.89,13613.61,11207.96,9361.37,8974.38,8913.74,8332.58,8799.71,8542.08,8417.67,8944.01,8644.82,10049.83,9770.78,7219.43,7790.72,8844.44,9042.43,9424.70
GWP_100_AR5_GHG,JEY,Jersey,,,0.00,0.00,0.00,0.00,0.00,0.00,,,0.00,,,0.00,,,,,,,,,,,,,,,,,,,,,,,
GWP_100_AR5_GHG,JOR,Jordan,,,12120.93,12435.95,14567.67,15148.41,15680.32,16651.76,17000.35,17550.54,17865.47,18017.71,19704.69,19930.74,20860.06,21521.28,23110.80,24765.44,25141.23,26238.97,25912.52,26435.25,26145.67,26948.64,30741.87,30465.56,32612.16,32653.66,32834.05,34379.20,33372.48,31899.16,29998.69,31306.20,33338.40,34400.68,34855.73
GWP_100_AR5_GHG,JPN,Japan,,,1295844.80,1310273.75,1320998.87,1317028.95,1380294.73,1399297.53,1414674.93,1396834.76,1342210.27,1373272.70,1377782.20,1356372.99,1384755.16,1389219.23,1380390.56,1389604.74,1359712.63,1393908.98,1319317.00,1250645.66,1313160.17,1363179.82,1401341.79,1417740.58,1366667.42,1324422.55,1320935.40,1305690.41,1254598.42,1215140.84,1151067.66,1172125.15,1142304.62,1094024.25,1063335.85
GWP_100_AR5_GHG,KAZ,Kazakhstan,,,342267.89,348412.37,352785.80,307345.11,273844.82,237162.36,208191.63,181035.60,180599.98,165691.97,172308.46,171780.19,187757.82,207631.55,222289.44,237256.35,263572.89,274775.79,308177.22,283787.23,304015.40,327490.21,322818.85,340362.30,298219.03,262973.62,278612.29,293319.27,298679.48,288133.75,296352.82,315643.82,322932.18,326862.89,330393.35
GWP_100_AR5_GHG,KEN,Kenya,,,38457.80,37604.81,38008.60,38402.45,38949.97,39574.81,38735.68,38654.09,39630.29,42410.81,41383.85,42312.41,44708.27,46040.64,50411.01,52898.14,51632.41,71434.86,76178.89,75153.52,78737.64,79543.62,77936.86,77881.01,79970.04,82133.36,88437.76,85544.51,88435.42,97220.21,108577.16,102160.19,105155.15,100576.05,102836.15
GWP_100_AR5_GHG,KGZ,Kyrgyzstan,,,33367.35,30628.21,22637.31,18251.70,13737.81,10534.41,11339.40,11715.39,12087.49,10932.00,10898.48,10078.93,11167.80,11853.73,11798.25,11894.70,11990.13,13346.05,14739.48,14631.08,14357.63,16402.11,18591.49,18502.12,19400.57,19870.99,19631.05,19996.80,22129.14,21225.75,20399.40,21829.00,21953.45,21717.11,22368.96
GWP_100_AR5_GHG,KHM,Cambodia,,,14577.03,14547.22,14910.33,15367.71,14823.75,19009.00,19146.78,19493.59,19667.68,20370.08,20451.54,21006.01,20892.92,22871.12,22396.90,25148.51,26598.86,27873.43,28792.66,30308.55,30973.31,32139.09,32002.71,31983.30,33402.24,35173.50,37872.40,39820.06,40686.72,44000.72,46956.91,48336.93,47104.22,48981.80,49834.75
GWP_100_AR5_GHG,KIR,Kiribati,,,33.07,33.50,35.31,35.75,36.51,34.84,35.45,36.37,37.39,37.71,52.16,49.28,64.44,66.34,68.42,84.40,89.47,85.60,93.33,82.94,86.57,82.89,82.38,87.20,88.25,90.66,97.01,98.84,106.32,107.38,105.87,113.77,109.95,110.78,115.19
GWP_100_AR5_GHG,KNA,Saint Kitts and Nevis,,,59.90,66.88,68.20,73.23,79.82,73.51,79.90,83.35,84.01,84.34,94.19,95.70,103.44,105.95,112.49,106.65,112.55,121.20,126.74,136.99,145.37,123.91,117.55,128.84,134.40,140.12,149.73,142.23,150.41,170.58,160.40,163.32,184.14,179.29,185.49
GWP_100_AR5_GHG,KOR,South Korea,,,311402.09,346703.38,377498.77,403121.46,433936.93,466407.82,499757.72,527461.55,454985.57,496609.27,530144.98,537294.35,554173.05,560142.72,578458.55,575115.24,583400.57,603976.24,616336.07,621142.47,682954.96,716389.67,715602.33,712962.38,702553.07,714593.77,719521.43,738191.24,754522.26,729069.57,695127.06,719280.57,694878.31,670114.56,668245.27
GWP_100_AR5_GHG,KWT,Kuwait,,,50554.85,45863.08,45950.94,64309.19,72946.54,70790.82,71270.81,75941.07,77194.30,79342.79,89595.91,91272.91,94617.74,105193.41,110054.22,121801.40,125310.17,121437.01,126248.72,124539.08,126711.96,135487.99,138791.33,140765.00,139441.83,143824.33,149039.78,146704.50,150353.01,148815.52,144052.74,152392.56,159622.80,167887.67,173330.70
GWP_100_AR5_GHG,LAO,Laos,,,6771.52,6795.67,7165.42,7254.60,7668.54,7751.60,8013.90,8246.38,7925.01,7850.84,8895.48,9253.79,9580.36,9874.77,10457.13,10291.89,10846.88,11474.86,12002.00,12989.39,13834.94,13842.74,14839.73,15480.10,16375.22,21374.74,29046.42,32411.61,33114.96,32964.13,33521.80,37853.82,38498.78,41173.20,41549.64
GWP_100_AR5_GHG,LBN,Lebanon,,,7752.13,9370.30,10048.23,13615.51,14782.44,16940.85,17618.11,19176.13,19161.82,19717.76,18172.35,19593.74,19707.37,19959.67,20371.61,20380.89,20033.50,18888.28,22350.35,25778.52,24899.02,25465.97,28230.25,28072.70,30182.02,32417.30,33654.51,35352.68,33725.11,33563.23,28630.76,23757.98,17710.29,18360.03,18786.31
GWP_100_AR5_GHG,LBR,Liberia,,,1808.57,1586.48,1474.17,1364.99,1326.85,1356.56,1459.61,1591.78,1769.35,1955.01,2189.70,2229.90,2279.54,2364.20,2468.08,2704.07,2984.86,2883.98,2891.87,3066.73,3395.76,3564.23,3711.38,3712.35,4106.80,4288.94,4509.41,4335.40,3811.89,4333.74,4210.46,4210.31,4367.67,4412.55,4459.91
GWP_100_AR5_GHG,LBY,Libya,,,87038.45,84678.91,79309.02,75449.12,91464.08,101456.77,105896.83,93325.72,89330.01,87512.06,91731.50,88275.77,88514.67,98309.83,96934.83,104478.27,102799.64,96255.51,100572.23,100243.27,106059.12,62575.30,99545.60,90633.91,80399.91,71718.80,68153.26,82061.61,88531.30,91637.78,64448.04,92615.46,89944.71,97951.64,98170.88
GWP_100_AR5_GHG,LCA,Saint Lucia,,,149.52,149.33,149.52,148.00,163.14,168.27,170.90,178.65,188.42,201.04,213.71,219.26,211.99,226.06,221.53,225.56,236.93,247.60,257.59,269.08,288.98,250.99,259.84,282.78,299.50,306.50,322.98,330.35,396.15,436.37,423.20,429.74,449.76,454.15,468.52
GWP_100_AR5_GHG,LKA,Sri Lanka,,,15918.39,15469.52,16876.14,17053.43,18195.88,18207.42,20173.41,20199.42,19573.75,21019.70,22454.27,22142.22,22784.29,24038.49,24130.10,25991.89,24840.02,25620.72,25825.39,24948.12,26548.78,28680.88,30752.36,28020.57,30090.75,33265.33,36126.85,34724.36,34501.09,36304.56,35882.84,36065.27,34125.91,35185.36,37166.53
GWP_100_AR5_GHG,LSO,Lesotho,,,2128.55,2171.64,2334.76,2295.73,2241.70,2194.68,2112.36,2191.94,1944.46,2531.11,2668.05,2681.11,2545.56,2581.71,2575.02,2745.13,2702.89,2839.41,2703.35,2801.50,2806.92,2843.57,2906.80,2810.30,2818.09,2784.56,2820.99,3031.36,2929.75,2811.95,2474.94,2621.38,2911.49,3070.96,3054.97
GWP_100_AR5_GHG,LTU,Lithuania,LT01,Sostinės regionas,14558.23,15397.78,9718.78,7701.25,7606.33,6979.39,7307.06,6777.24,7177.14,6169.62,5196.95,5314.05,5221.41,5102.66,5153.00,5314.29,5274.90,5125.10,5261.74,5149.29,5797.90,5147.42,5231.39,4700.24,4322.60,4237.23,4115.23,3888.48,3865.10,3713.60,4057.91,4200.12,3862.88,3680.21,3692.80
GWP_100_AR5_GHG,LTU,Lithuania,LT02,Vidurio ir vakarų Lietuvos regionas,34036.40,34752.86,23290.92,18939.85,17458.70,16946.14,17117.24,17195.57,17762.04,15851.04,15204.07,15764.17,16360.83,16565.93,17380.93,18245.20,18568.02,20810.75,21134.15,18152.05,18407.58,19949.45,20186.80,19188.43,19610.13,20475.34,20340.45,20996.24,20573.00,20924.34,20378.23,20073.10,18425.13,17885.13,17832.82
GWP_100_AR5_GHG,LTU,Lithuania,,,15.94,9.56,3.19,3.19,3.19,3.19,15.94,15.94,12.75,9.56,18.86,21.83,25.15,15.85,25.17,19.04,22.23,19.04,25.33,15.94,19.13,15.94,15.94,15.94,15.94,15.94,12.75,18.76,16.84,18.44,13.66,14.60,11.74,10.21,10.08
GWP_100_AR5_GHG,LUX,Luxembourg,LU00,Luxembourg,12927.63,13436.72,13156.66,13380.81,12445.55,10048.29,10122.42,9510.72,8761.81,9157.90,9781.22,10325.24,11008.25,11418.88,12846.68,13076.16,12880.95,12297.25,12181.64,11583.32,12203.63,12060.24,11820.94,11289.92,10796.36,10294.78,10034.51,10192.44,10527.73,10658.39,8923.70,9316.92,8191.52,7851.59,8052.77
GWP_100_AR5_GHG,LUX,Luxembourg,,,3.10,3.10,3.10,,,,,,,,0.82,0.69,0.74,0.79,0.61,0.45,0.51,0.65,0.61,1.29,1.09,0.86,1.69,1.66,1.63,1.65,1.60,1.62,1.66,1.53,0.87,0.99,0.92,0.89,0.90
GWP_100_AR5_GHG,LVA,Latvia,LV00,Latvija,27430.81,25766.58,21705.43,18461.44,15296.09,13658.12,13637.36,13100.64,12559.73,11916.44,11099.24,11701.86,11759.29,12061.66,12139.56,12286.22,12875.21,13305.77,12900.93,12143.97,13212.70,12634.98,12559.52,12300.57,12194.10,12471.20,12452.75,12313.61,12892.80,12778.09,12179.86,12438.89,11813.63,11692.21,11636.54
GWP_100_AR5_GHG,LVA,Latvia,,,115.63,31.25,9.38,3.13,,,,,,,,,,,,,3.10,3.19,9.47,12.75,15.94,15.94,15.85,28.60,15.85,9.56,12.75,18.85,18.26,6.02,8.65,9.62,9.98,5.81,5.85
GWP_100_AR5_GHG,MAC,Macao,,,1001.38,1026.81,1158.62,1281.72,1398.45,1269.00,1458.39,1549.09,1702.02,1792.45,1518.47,1626.54,1781.43,1829.43,2113.67,2125.97,2115.02,2010.87,1675.80,1775.63,1797.71,1768.88,1825.64,1895.17,2172.18,2855.43,2723.42,2980.13,2212.44,2335.60,2318.83,2132.28,1761.52,1763.91,1820.09
GWP_100_AR5_GHG,MAR,Morocco,,,42487.05,43425.50,44972.73,44779.17,47688.64,48980.51,49425.48,51849.90,52894.54,55252.96,56668.01,60507.72,62075.97,62619.94,68501.26,70599.78,72021.63,72952.03,76879.43,76919.31,80737.09,86130.32,88910.32,89834.15,91378.61,93673.80,94055.81,98005.64,100029.13,107747.18,104261.40,110822.00,110760.92,108358.07,108736.42
GWP_100_AR5_GHG,MDA,Moldova,,,37419.58,30938.55,25340.40,21641.08,18582.01,16544.70,14671.94,13325.21,12090.87,10612.45,9912.85,10104.45,10334.43,10920.47,10924.45,11255.19,11068.80,10933.27,10614.96,10428.64,11505.80,11712.66,11336.63,10770.87,11331.46,11617.41,11899.74,11926.95,12620.37,12692.60,12384.85,13214.24,11649.24,11650.65,11658.32
GWP_100_AR5_GHG,MDG,Madagascar,,,22882.31,22955.29,23328.78,23858.46,23526.93,24119.18,24276.75,24485.85,24862.34,25152.52,25315.84,23494.25,21642.92,22828.15,23513.19,26184.89,26478.38,27116.65,27738.58,28367.28,29016.32,29070.71,30393.88,29603.27,31102.53,31461.03,31425.45,31825.52,30386.03,32247.89,31869.37,33596.94,34457.66,35705.44,35789.97
GWP_100_AR5_GHG,MDV,Maldives,,,135.01,139.12,150.09,170.78,321.98,386.42,393.78,357.62,400.53,401.77,694.97,622.04,746.16,653.02,822.23,769.39,930.31,977.72,1064.07,1096.78,1173.77,1269.71,1580.70,1766.28,2355.30,1741.10,1893.73,1768.73,1545.77,1685.47,1379.54,1869.48,1989.59,1998.54,2093.37
GWP_100_AR5_GHG,MEX,Mexico,,,440470.84,458447.26,461021.06,474755.07,501241.03,482183.50,502171.26,528157.14,554865.51,541782.52,566251.36,562642.88,568838.29,593063.15,602655.49,624679.25,646276.18,656982.15,663538.01,649975.75,665572.50,677102.57,692875.24,684559.88,673047.34,682147.86,691490.89,695752.77,675051.51,692133.39,640127.24,656289.04,660285.61,685651.23,686779.37
GWP_100_AR5_GHG,MHL,Marshall Islands,,,2.55,2.61,2.66,2.70,2.73,2.75,2.78,2.79,2.81,2.82,2.83,2.83,2.83,2.83,2.83,2.83,2.84,2.84,2.85,2.86,2.87,2.88,2.89,2.90,2.91,2.92,2.92,2.93,2.93,2.93,3.88,3.94,3.97,3.98,3.99
GWP_100_AR5_GHG,MKD,North Macedonia,MK00,Severna Makedonija,14361.24,12866.60,11541.79,11746.34,11521.03,11386.22,12976.60,11820.35,12666.89,11744.12,11400.05,11512.49,10961.87,11728.34,11892.48,12353.74,12056.55,12817.50,12661.93,11570.88,11735.31,12920.36,12293.13,11392.52,10964.11,10547.92,10250.45,10702.24,10241.39,11337.21,10288.54,10224.42,10815.88,10569.13,9812.10
GWP_100_AR5_GHG,MLI,Mali,,,11981.84,12013.94,11987.79,12145.32,12475.67,12846.42,13230.36,13365.37,14157.28,14856.46,15757.13,16483.75,17658.51,18540.04,19345.07,20241.61,20478.34,21867.52,23089.66,24321.98,25514.51,26537.77,27613.69,29182.30,30252.53,32209.37,35589.28,38307.45,40083.12,40847.82,42540.26,44990.43,44505.36,46611.32,48008.51
GWP_100_AR5_GHG,MLT,Malta,MT00,Malta,2519.87,2425.32,2396.61,3047.14,2754.01,2625.87,2576.50,2733.92,2642.52,2688.78,2414.83,2790.46,2617.60,2921.21,2919.61,2947.74,3003.69,3078.20,3098.31,2867.21,2894.99,2884.25,3069.89,2744.49,2752.46,2068.49,1789.29,1973.07,1975.94,2066.78,2002.53,1998.19,2173.15,2143.87,2164.40
GWP_100_AR5_GHG,MLT,Malta,,,,,,,,,,,,,,,,,,28.56,31.78,35.00,34.90,31.96,54.42,54.49,47.96,38.49,35.39,41.71,38.49,43.35,35.86,48.49,58.41,69.96,61.85,81.35,79.22
GWP_100_AR5_GHG,MMR,Myanmar/Burma,,,63223.32,61995.23,66050.71,69215.42,72746.49,75790.91,75709.24,74180.50,76025.94,82400.01,85459.49,86151.82,88046.69,94165.65,97571.40,103185.77,107940.89,110216.79,108914.23,109628.35,111666.62,109513.84,111468.32,114825.48,120419.76,124252.90,129544.21,145485.60,121775.78,121645.49,123034.66,121281.96,121080.04,118238.47,117787.54
GWP_100_AR5_GHG,MNG,Mongolia,,,29930.06,32893.79,30617.59,29313.72,27335.05,28174.33,26887.14,27172.32,27906.96,28592.59,29330.86,27108.68,25008.50,24350.22,24296.31,28856.96,32180.77,34933.77,35924.27,39354.51,42455.14,48045.02,49286.37,51762.73,54986.64,52933.95,60763.77,67847.44,71030.11,76096.39,69780.87,70927.70,74708.26,93715.83,104354.97
GWP_100_AR5_GHG,MNP,Northern Mariana Islands,,,2.40,2.56,2.72,2.87,3.03,3.20,3.38,3.57,3.74,3.88,3.96,4.81,4.78,4.69,4.59,4.46,4.32,4.15,4.00,3.90,3.84,3.80,3.79,3.81,3.84,3.88,3.91,3.92,3.94,3.95,4.00,4.01,4.04,4.07,4.09
GWP_100_AR5_GHG,MOZ,Mozambique,,,8613.91,8292.30,8608.77,8783.27,9118.43,9365.35,9545.15,8216.79,10207.45,9743.11,10498.85,11225.91,11704.20,12919.87,13587.17,14041.56,13771.36,14398.20,14125.26,13731.49,14312.26,19121.22,21971.99,23306.22,24747.09,24550.51,27006.17,29485.25,32512.10,30174.08,27927.33,31137.12,35683.64,34318.02,33625.59
GWP_100_AR5_GHG,MRT,Mauritania,,,6664.13,7043.71,8270.01,8392.80,8363.52,8514.78,8866.86,9269.73,9660.21,10375.57,9178.25,9555.85,9974.25,10250.64,10242.65,10481.97,11134.01,10898.62,10692.83,11232.20,11497.37,11906.86,12457.29,12528.82,13265.80,13650.67,13559.45,14871.71,15682.26,16133.04,16483.01,16364.30,17118.00,17182.68,17508.62
GWP_100_AR5_GHG,MSR,Montserrat,,,29.10,35.00,35.37,34.97,35.47,40.94,40.75,41.21,41.64,41.85,30.06,29.89,33.72,34.19,33.97,34.32,35.55,38.16,44.49,42.09,50.88,37.74,37.87,44.20,44.15,47.28,37.83,35.61,36.59,36.15,35.88,35.02,35.26,35.14,35.35
GWP_100_AR5_GHG,MTQ,Martinique,FRY2,Martinique,872.49,780.49,814.64,963.51,964.56,956.88,942.60,957.78,976.33,983.09,792.11,804.51,834.83,844.36,836.03,827.15,895.16,938.43,950.74,1031.73,1097.56,1134.66,1133.38,1131.55,1132.94,1132.59,1133.68,1134.39,1129.91,1126.91,1125.94,1127.50,1126.56,1123.36,1159.80
GWP_100_AR5_GHG,MTQ,Martinique,,,26.51,23.22,21.76,28.91,33.37,34.51,37.28,45.27,38.64,40.53,37.56,29.34,30.03,29.68,29.32,29.45,31.14,32.69,36.40,34.02,36.09,37.63,37.63,37.63,37.63,37.63,37.63,37.63,37.63,37.63,37.63,37.63,37.63,42.32,42.01
GWP_100_AR5_GHG,MUS,Mauritius,,,1843.96,1922.78,2004.34,2136.97,2187.52,2253.42,2340.10,2357.03,2540.03,2955.06,3240.85,3392.93,3384.51,3470.94,3521.25,3679.12,4435.02,4569.58,4692.66,4691.99,4983.20,5010.35,5121.97,5270.53,5483.51,5481.64,5596.66,5849.74,5849.45,5947.02,5534.68,5842.10,5981.32,6323.07,6471.60
GWP_100_AR5_GHG,MWI,Malawi,,,5874.68,6108.11,6292.30,6285.24,6293.84,6374.34,6569.41,6749.82,7261.28,7534.06,8141.45,8089.16,8099.40,8299.21,8347.70,8952.09,9398.41,10018.54,10572.39,10728.33,11461.85,13072.35,13387.60,13089.37,13398.86,13730.57,14155.37,15056.15,16204.96,17717.70,17611.19,18677.16,18639.32,18353.84,19023.56
GWP_100_AR5_GHG,MYS,Malaysia,,,85745.39,96911.33,101607.99,102477.60,111205.95,113602.90,128277.05,141267.83,136053.43,145369.27,157856.45,166003.83,175184.87,188341.61,203159.71,215212.63,223027.47,240602.57,252885.26,235842.63,250790.28,252934.66,254605.07,272748.50,287411.56,290148.08,286502.39,274647.30,291021.57,292133.43,288858.38,293311.61,312747.20,318372.54,332166.83
GWP_100_AR5_GHG,MYT,Mayotte,FRY5,Mayotte,6.73,7.07,7.40,7.74,8.07,8.38,8.67,8.95,9.21,9.46,9.70,11.34,11.71,12.14,12.59,13.08,13.57,14.06,14.57,15.17,15.77,16.31,16.80,17.41,17.95,18.50,19.05,19.62,20.19,20.73,21.31,21.90,22.50,23.04,23.62
GWP_100_AR5_GHG,NAM,Namibia,,,6595.16,6670.76,6668.17,6741.13,6750.02,6856.77,7039.60,7291.93,7610.04,7819.55,8744.56,8949.10,8454.79,8715.72,8860.43,10640.24,9295.31,9281.17,10041.85,10186.46,9461.00,9854.50,11131.06,10225.56,10874.33,11125.51,12351.84,11774.02,11596.72,11774.52,11124.61,12134.47,12269.19,13889.90,14212.13
GWP_100_AR5_GHG,NCL,New Caledonia,,,1918.49,2068.46,2087.51,2128.09,2190.73,2032.29,2244.88,2104.92,2055.72,1997.72,2485.98,2530.05,2785.00,3052.75,2766.21,3009.53,3008.02,3086.58,2992.99,3002.30,3817.93,3842.63,3886.22,4266.30,5156.31,4940.14,5271.86,4773.07,6465.98,6229.95,6080.66,5032.75,4984.15,5244.79,5381.61
GWP_100_AR5_GHG,NER,Niger,,,10738.68,11156.52,11586.28,12271.21,12650.19,13184.39,13836.58,14580.93,15246.14,15844.60,16206.45,16954.35,17699.90,18499.15,19316.25,20043.33,20754.66,21612.05,22507.06,23538.28,23318.83,24120.19,25890.47,27242.57,28538.71,29588.02,30938.85,32150.33,33652.83,35517.36,37194.71,39193.97,41358.73,40072.25,41146.15
GWP_100_AR5_GHG,NFK,Norfolk Island,,,0.00,0.00,0.00,0.00,0.00,0.00,0.00,0.00,0.00,0.00,0.00,0.00,0.00,0.00,0.00,0.00,0.00,0.00,0.00,0.00,0.00,0.00,0.00,0.00,0.00,0.00,0.00,0.00,0.00,0.00,0.00,0.00,0.00,0.00,0.00
GWP_100_AR5_GHG,NGA,Nigeria,,,260815.63,275414.26,299393.79,303000.44,326775.02,358626.25,417040.55,391038.85,358915.50,346031.31,379867.85,385887.74,332827.39,369186.43,359991.13,351604.32,324010.93,298671.44,303821.46,287388.86,309519.53,330195.22,331692.70,335404.82,346617.59,342397.52,336750.08,334534.15,346528.71,360085.70,333684.68,342747.09,334769.91,337776.75,350555.35
GWP_100_AR5_GHG,NIC,Nicaragua,,,9010.35,7896.26,8772.49,9406.70,9755.71,9262.13,9299.83,9973.53,10361.92,11376.54,11796.06,12044.59,12319.67,13055.54,13000.11,13027.10,13632.67,13900.46,13756.05,13820.94,14202.19,15171.47,15632.05,15751.14,16476.80,17695.90,17935.58,17971.07,17444.27,17907.22,17822.67,18441.01,18706.40,18960.95,19158.62
GWP_100_AR5_GHG,NIU,Niue,,,1.20,1.21,1.23,1.22,1.27,1.27,1.27,1.27,1.27,1.27,1.27,1.35,1.34,1.35,1.34,1.39,1.38,1.43,1.43,1.42,1.43,1.44,1.44,1.45,1.47,1.48,1.49,1.50,1.51,1.52,1.52,1.53,1.54,1.54,1.55
GWP_100_AR5_GHG,NLD,Netherlands,,,3991.89,4213.12,4189.66,4254.63,4209.68,4106.25,4165.21,3220.06,3102.68,2848.53,2728.64,2842.37,2733.03,2592.22,2755.50,2742.38,2707.75,2801.85,3013.02,2742.95,3147.39,3041.55,2921.90,3094.21,2684.47,2451.29,2068.11,2115.78,1909.46,1717.99,1307.11,1349.11,1239.33,1169.91,1063.21
GWP_100_AR5_GHG,NLD,Netherlands,NL11,Groningen,13864.81,14740.57,15097.87,15173.84,15364.28,20658.04,23959.73,24572.79,24697.57,23979.70,23848.76,24180.05,24612.69,24854.43,24102.22,23496.75,21937.86,22872.64,23270.36,22693.15,22191.27,20826.07,19003.08,20532.38,19985.36,26261.73,26887.02,26294.35,26222.44,24710.34,22894.63,23898.81,21614.81,19084.65,18681.95
GWP_100_AR5_GHG,NLD,Netherlands,NL12,Friesland (NL),11154.26,11988.30,12109.46,12533.63,12173.36,10504.25,10473.95,9942.91,9720.49,9291.05,9129.42,9295.19,9244.94,9299.20,9179.24,8956.71,8521.03,8525.32,8616.82,8485.72,8584.39,7784.24,7173.66,6886.48,6459.08,6427.80,6778.01,6550.89,6423.51,6733.04,6366.27,6169.04,5696.41,5523.89,5365.39
GWP_100_AR5_GHG,NLD,Netherlands,NL13,Drenthe,7677.35,7932.61,7823.87,7973.73,7854.95,7715.48,8041.09,7716.71,7328.17,7144.05,7009.19,6019.85,5932.14,5948.51,5951.35,5863.07,5746.10,5647.04,5755.01,5580.87,6251.32,5787.65,5546.54,5440.36,5019.36,5092.95,5187.23,5182.21,5095.84,5077.63,4782.80,4762.92,4425.46,4342.57,4223.13
GWP_100_AR5_GHG,NLD,Netherlands,NL21,Overijssel,9522.93,9909.75,9894.63,10051.55,9847.30,9974.32,10535.36,9891.38,9901.45,9573.35,9410.27,9379.58,9187.16,9259.09,9271.42,9105.12,8980.36,8730.24,9051.29,8890.91,9434.25,8780.51,8748.55,8654.09,7924.13,8121.95,8345.41,8162.18,7985.78,7867.22,7452.50,7578.99,7005.91,6895.75,6745.16
GWP_100_AR5_GHG,NLD,Netherlands,NL22,Gelderland,20962.73,20980.65,21330.88,20818.52,21044.73,20865.03,21513.93,20389.28,20362.66,19167.77,19145.04,19349.04,19190.63,19313.17,19173.60,18611.61,18301.84,18003.16,18130.29,18091.89,18511.61,17201.80,17559.34,17382.65,16704.20,16367.04,13592.77,13511.52,13266.83,13086.97,12183.96,12554.88,11722.84,11261.37,11112.94
GWP_100_AR5_GHG,NLD,Netherlands,NL23,Flevoland,4083.34,4189.56,4223.13,4426.88,4378.64,4419.11,4641.74,4420.08,4582.06,4420.99,4321.44,4283.09,4206.96,4292.05,4296.16,4209.80,4169.73,4048.90,4186.84,4067.78,7039.15,6337.91,5541.20,5308.86,4978.04,4907.70,5066.04,5097.20,5055.13,5189.03,4902.40,4659.56,4297.42,4145.34,4009.46
GWP_100_AR5_GHG,NLD,Netherlands,NL32,Noord-Holland,32898.71,33419.66,33049.48,33920.44,33011.41,35655.68,36182.57,33805.23,32819.99,31628.10,31239.81,31749.79,32122.30,33887.71,33575.03,32892.44,34799.87,34074.70,27332.46,26935.07,27761.24,25482.28,26684.25,26725.71,25917.97,25384.95,26821.56,26875.20,26700.08,25573.37,22557.85,22383.77,20322.72,19162.93,18880.53
GWP_100_AR5_GHG,NLD,Netherlands,NL34,Zeeland,14626.56,14425.51,13596.46,12866.29,13509.89,13138.61,13877.98,13290.76,14831.16,14250.98,14313.27,12437.67,12418.50,12035.46,12193.89,11716.99,11441.13,11755.79,11812.69,11388.54,14007.33,13112.78,12519.03,12209.22,11907.98,11855.98,9873.94,10151.24,9860.34,10229.28,9622.40,9169.52,8694.55,8462.25,8185.73
GWP_100_AR5_GHG,NLD,Netherlands,NL35,Utrecht,13241.72,13972.55,13984.07,14370.19,14023.79,14934.70,15541.76,14616.01,14549.69,13901.53,13669.55,13809.81,13655.14,13797.03,13735.79,13398.35,13062.36,12751.44,13069.55,12783.77,13292.61,12173.29,11726.14,11522.94,10315.98,10474.49,10710.32,10719.66,10662.61,10534.79,9840.79,9948.31,9042.13,8784.48,8535.69
GWP_100_AR5_GHG,NLD,Netherlands,NL36,Zuid-Holland,45920.78,46841.54,46456.26,45620.99,46869.50,45172.35,47734.65,45988.20,45724.66,42789.89,42739.62,43012.03,42264.34,42706.77,46028.03,44792.99,43169.99,43548.06,43910.70,42322.11,44103.68,43359.69,40827.84,39298.10,38425.47,41504.12,47333.00,44694.65,40077.49,38245.70,33304.37,35615.85,32745.22,29670.91,28749.64
GWP_100_AR5_GHG,NLD,Netherlands,NL41,Noord-Brabant,27906.73,28212.69,28248.64,31416.32,32456.30,31362.72,32045.06,31886.39,32170.51,29956.18,30079.89,30477.07,30148.12,30326.35,30017.54,29033.39,28352.71,28258.95,28357.38,28109.06,28603.68,26522.38,27431.30,27219.29,26633.57,25757.27,22821.35,22240.17,21991.53,21052.84,19255.57,19906.04,18572.79,17388.18,16006.17
GWP_100_AR5_GHG,NLD,Netherlands,NL42,Limburg (NL),17963.84,18387.17,18112.76,18052.62,18685.15,18073.34,19043.51,18258.89,18130.34,18579.76,18243.10,18019.01,17808.30,17762.50,18183.50,17478.02,17290.21,17584.51,17601.81,16149.48,16938.23,16348.44,18200.16,17401.50,16616.08,16920.19,17191.76,17133.60,16630.67,16679.58,15870.48,15590.27,14901.85,13594.02,13445.65
GWP_100_AR5_GHG,NOR,Norway,,,5104.69,4069.95,4053.94,4387.70,4496.02,5609.63,5170.97,5605.29,5582.45,6464.84,5879.05,5371.01,5486.41,6283.03,6238.81,6418.14,6442.34,6608.46,6527.10,6760.20,8090.87,8085.84,8383.29,8343.08,8230.63,8358.60,8073.65,8093.47,7727.37,7729.35,7261.07,7476.20,7861.64,7543.66,7315.07
GWP_100_AR5_GHG,NOR,Norway,NO02,Innlandet,5231.19,4881.29,4674.43,4884.13,4987.30,4757.10,4798.86,5094.37,5101.69,5185.77,4440.91,4525.88,4410.20,4587.76,4723.77,4613.19,4690.39,4675.38,4922.66,4535.39,4655.79,4603.18,4578.17,4563.39,4600.80,4704.88,4678.46,4622.95,4578.67,4473.84,4385.47,4442.41,4357.83,4146.89,4040.11
GWP_100_AR5_GHG,NOR,Norway,NO06,Trøndelag/Trööndelage,3330.00,3309.49,3617.16,3847.22,4073.24,3968.85,4035.13,4277.88,4422.56,4534.41,3898.39,4084.60,4137.82,4287.26,4345.45,4249.55,4370.55,4424.21,4663.92,4400.52,4610.25,4440.66,4445.01,4367.56,4399.32,4491.15,4429.17,4361.43,4283.11,4151.87,4054.00,4093.66,4010.95,3812.24,3696.25
GWP_100_AR5_GHG,NOR,Norway,NO07,Nord-Norge,6942.30,6713.31,6845.63,7124.57,7430.62,7331.59,7664.18,7748.70,7931.70,7904.64,7568.19,7645.95,7462.84,7921.93,7861.47,7601.50,7627.96,7712.99,7605.54,7036.97,7526.87,7138.25,6969.89,6987.34,7135.69,7611.06,7837.01,7326.61,7215.79,6974.30,6793.64,7109.09,6920.11,6600.15,6453.14
GWP_100_AR5_GHG,NOR,Norway,NO08,Oslo og Viken,7540.74,7315.90,7964.93,8452.61,9079.97,8752.33,8847.94,9333.22,9547.88,9847.12,8438.58,8959.21,9030.84,9399.74,9496.42,9177.50,9422.92,9396.44,10011.37,9526.40,9839.04,9463.78,9410.31,9230.92,9304.55,9403.85,9325.46,9254.81,9191.15,8905.15,8647.19,8608.22,8351.23,8081.13,7786.12
GWP_100_AR5_GHG,NOR,Norway,NO09,Agder og Sør-Østlandet,10663.59,10083.99,8707.59,9333.68,9629.99,9311.90,9494.43,9895.70,10197.29,10261.44,9907.77,9944.04,9182.25,9927.81,10065.54,9683.59,9672.27,9504.01,9775.82,9338.43,9255.01,9595.61,9597.29,9647.72,9663.06,9874.56,9719.27,9751.00,9770.23,9520.66,9364.94,9444.45,9146.94,8825.11,8610.78
GWP_100_AR5_GHG,NOR,Norway,NO0A,Vestlandet,16160.49,15154.70,15369.91,15885.83,16641.54,16147.77,16379.43,17051.23,17751.73,17903.70,17055.10,16904.27,16542.30,17142.27,17519.91,16754.53,16622.94,16920.57,17751.91,17060.88,18128.66,17509.34,17063.11,17753.23,17470.45,17589.82,17451.85,18316.21,18023.49,17487.53,17072.70,17225.08,16658.79,16180.47,15585.65
GWP_100_AR5_GHG,NOR,Norway,NO0B,,377.52,292.80,285.18,257.29,278.01,251.10,213.77,283.19,248.67,369.31,481.16,1143.60,1317.74,1792.72,1794.62,995.19,1509.33,2427.89,2090.45,1625.86,1281.28,1010.32,910.72,1273.36,1149.80,859.29,698.97,264.83,328.96,306.96,253.11,309.99,343.97,277.31,272.51
GWP_100_AR5_GHG,NPL,Nepal,,,23096.16,22850.88,23708.65,23635.62,25206.11,26072.14,26482.93,27031.38,27627.21,28620.17,28897.14,29492.05,29083.07,30107.48,29713.34,30405.85,29835.74,30857.72,31727.01,33042.96,34455.92,35845.87,36457.47,37790.19,38563.06,38416.57,43031.57,45424.74,47838.23,46623.05,49817.20,50758.08,48037.71,42116.03,41468.23
GWP_100_AR5_GHG,NRU,Nauru,,,1.02,1.04,1.08,1.09,1.10,1.11,1.11,1.11,1.11,1.11,1.11,1.12,1.12,1.12,1.11,1.11,1.11,1.13,1.14,1.14,1.15,1.16,1.17,1.19,1.21,1.22,1.22,1.22,1.22,1.22,1.43,1.42,1.42,1.42,1.43
GWP_100_AR5_GHG,NZL,New Zealand,,,71813.87,72153.44,73353.89,73977.58,76177.99,77661.59,78351.81,80516.14,78610.54,80809.16,81683.99,84132.37,85811.87,87311.03,87269.75,87701.35,88156.58,86916.04,86632.14,84375.05,84793.66,84206.17,86888.18,85877.38,87275.26,86179.46,85682.04,86855.43,85831.84,87124.59,83770.54,83478.75,80084.06,78208.11,77837.35
GWP_100_AR5_GHG,OMN,Oman,,,34965.94,42577.77,41168.06,40074.72,39190.27,42194.98,44214.80,47828.50,44761.13,49415.25,52059.17,55920.06,58557.34,63497.66,61807.58,62188.03,68950.60,70675.73,70104.12,72161.43,76420.40,85519.01,94364.17,98923.69,103648.04,109232.39,111594.44,111985.43,115489.00,116703.23,113283.98,119548.40,127593.70,130248.58,132264.66
GWP_100_AR5_GHG,PAK,Pakistan,,,188877.42,190819.29,201807.70,213985.96,219020.95,230476.18,240162.33,246587.62,252065.32,265270.03,271331.95,274661.92,279876.89,290865.30,310878.84,319164.85,341148.38,363581.22,365142.64,375795.18,369146.23,377643.78,381795.94,396269.89,412434.67,423572.32,454030.45,477201.03,473292.76,476090.85,511264.22,526951.71,537656.34,522210.01,525882.47
GWP_100_AR5_GHG,PAN,Panama,,,6874.51,7368.53,8095.94,8241.86,8575.06,8917.96,8970.62,9012.37,10281.26,9543.66,9695.62,11195.76,10477.10,10566.14,10572.21,12387.98,12839.04,12780.00,12772.47,14263.74,14845.08,15911.14,16369.70,16254.52,16611.89,16388.57,16572.16,16088.00,16032.01,19319.14,15973.70,17182.28,18063.61,19493.12,19217.95
GWP_100_AR5_GHG,PCN,Pitcairn Islands,,,0.01,0.01,0.01,0.01,0.01,0.01,0.00,0.00,0.00,0.00,0.00,0.00,0.00,0.00,0.00,0.00,0.00,0.00,0.00,0.00,0.00,0.00,0.00,0.00,0.00,0.00,0.00,0.00,0.00,0.00,0.00,0.00,0.00,0.00,0.00
GWP_100_AR5_GHG,PER,Peru,,,43459.14,42526.25,43343.95,45104.58,46030.49,50597.99,53516.45,53395.00,53480.78,56084.97,56529.34,53732.78,55356.00,55390.58,59349.28,60194.81,59767.07,62914.20,68038.85,71569.59,75801.95,79655.42,79814.98,81889.99,84816.53,86767.48,89161.23,87203.09,87292.05,91263.37,80141.81,93508.52,97630.08,99257.40,103813.02
GWP_100_AR5_GHG,PHL,Philippines,,,92011.15,91503.05,94412.69,99087.73,104928.96,116837.51,122799.44,132061.03,126391.15,131092.38,132775.17,131620.46,134565.93,137659.87,140930.08,145000.79,137588.36,146195.83,148111.34,150479.39,156643.80,157759.35,163072.84,173263.10,181138.40,190633.81,202623.03,220807.34,226906.00,235216.70,225144.94,235612.99,242596.75,254531.38,266597.28
GWP_100_AR5_GHG,PLW,Palau,,,2343.39,2325.96,2127.60,2177.43,3258.64,2556.63,2405.84,2697.95,2437.98,2600.81,2240.79,2482.88,1509.65,1794.54,1596.44,1842.96,1802.24,1463.57,1481.13,2283.55,2204.94,2465.25,3720.99,1880.68,1322.28,1253.20,1200.62,1255.26,1286.73,1326.51,1336.03,1389.47,1462.68,1462.04,1533.81
GWP_100_AR5_GHG,PNG,Papua New Guinea,,,4871.85,5009.10,5445.63,5576.37,5569.28,5607.93,5731.70,5675.01,9000.04,6172.58,7074.67,7151.36,7875.60,8111.08,8620.94,9995.47,10568.54,9709.83,10287.25,8596.64,7529.37,7775.27,7570.55,7983.65,9595.83,10631.31,11331.14,10483.77,9372.81,9667.96,10124.63,10077.28,10427.69,10662.30,10761.09
GWP_100_AR5_GHG,POL,Poland,,,524.13,450.37,428.79,401.29,400.56,430.69,432.76,419.63,440.85,470.44,643.98,706.87,691.96,719.24,805.52,773.84,745.30,698.08,707.11,661.10,660.35,629.61,714.03,177.73,174.22,717.05,1710.77,1760.65,1146.32,1451.50,1256.63,1179.00,475.82,998.55,963.86
GWP_100_AR5_GHG,POL,Poland,PL21,Małopolskie,31008.38,30241.99,29312.80,30151.44,29762.64,31357.59,31780.29,31138.35,27747.07,26407.34,25511.46,24734.41,25547.44,26049.21,26531.13,25786.84,26448.00,26548.35,24989.31,23573.63,23966.07,23482.32,23409.39,23319.14,22426.46,22342.01,22491.95,22712.81,22635.08,20907.63,19557.92,19914.14,18893.40,17576.51,17501.30
GWP_100_AR5_GHG,POL,Poland,PL22,Śląskie,124468.77,118543.03,114085.12,110243.93,109533.00,109363.52,108787.51,106495.87,94061.69,88994.64,84779.35,82397.03,79421.98,81209.44,80149.29,77501.08,78548.66,76680.54,71369.94,66997.02,70055.38,68807.32,68735.20,67385.28,63107.68,63946.69,64576.89,63372.12,63103.86,57851.40,56160.43,63135.80,58626.89,51390.15,48461.28
GWP_100_AR5_GHG,POL,Poland,PL41,Wielkopolskie,33928.33,34334.21,33385.09,34366.10,33759.86,34452.75,35793.00,34884.88,33414.50,32635.56,31123.62,30959.57,30693.43,31355.56,31385.01,31751.21,32809.00,32651.72,34719.45,33597.37,35209.16,34516.01,34045.69,34210.65,33299.07,33288.18,34174.93,35003.81,32380.93,30487.81,28708.93,28674.87,27961.38,26435.58,26210.07
GWP_100_AR5_GHG,POL,Poland,PL42,Zachodniopomorskie,29995.19,29381.10,28183.13,27172.04,26263.41,25800.03,26555.70,25920.70,24234.39,23639.11,22984.03,22976.53,22516.68,23296.94,23232.53,23572.31,24346.27,23937.98,23221.83,22113.05,23015.29,22528.14,22170.07,21192.03,20748.55,20008.74,20370.45,20741.31,20997.86,19787.35,18971.56,18694.20,18242.18,16817.60,18841.24
GWP_100_AR5_GHG,POL,Poland,PL43,Lubuskie,6151.38,6223.79,6173.78,6525.07,6398.52,6649.74,7163.09,7023.46,6583.08,7034.33,6380.94,6482.14,6278.92,6434.89,7283.32,7468.37,7692.12,7724.34,8529.94,8305.04,8894.40,8824.78,8588.05,9354.37,9299.63,9098.80,9194.42,9312.99,9116.66,8756.92,8618.17,8847.87,9018.85,8590.30,8036.02
GWP_100_AR5_GHG,POL,Poland,PL51,Dolnośląskie,41457.52,41019.18,39700.90,37998.29,37279.57,34188.34,35277.75,33864.68,31987.55,31127.34,30245.08,30194.05,29454.46,30615.59,29347.20,29545.81,30852.86,30319.04,29127.36,28240.34,29407.47,27743.54,27595.72,26670.66,25050.93,25469.17,27051.70,27497.95,27623.41,25892.60,25064.02,29752.85,28917.99,26284.95,26198.21
GWP_100_AR5_GHG,POL,Poland,PL52,Opolskie,15176.46,14103.33,13789.01,16510.77,18431.66,20570.69,23072.70,25075.46,23155.57,22600.26,22284.57,21620.04,20829.96,21530.39,21254.32,21390.16,22279.52,22614.06,21991.78,20552.76,21931.61,21712.70,21174.50,21025.44,20857.81,19991.18,20163.91,21023.74,21308.56,27181.05,25660.89,26141.70,25127.41,22045.83,21609.25
GWP_100_AR5_GHG,POL,Poland,PL61,Kujawsko-pomorskie,24001.49,23210.18,22709.69,22003.29,21613.98,21131.83,21591.31,21218.04,19304.30,18560.32,17848.14,17274.98,17109.60,17653.29,17848.94,17833.41,18626.05,19014.29,18347.08,17930.75,18882.80,18508.70,18804.41,18528.65,18456.33,18270.89,19236.03,23519.00,22882.15,22437.74,21618.24,22273.18,21174.73,20378.73,19770.93
GWP_100_AR5_GHG,POL,Poland,PL62,Warmińsko-mazurskie,6790.44,6939.27,6892.14,7195.38,6888.29,6971.81,7382.37,7324.29,6727.89,6728.42,6228.48,6219.07,6278.12,6554.06,6715.79,7072.01,7381.51,7414.57,7534.59,7522.90,7930.44,7698.99,7691.08,7430.28,7326.08,7426.91,7904.96,8420.86,8413.55,8212.14,8117.52,8380.68,8038.60,7923.93,7909.14
GWP_100_AR5_GHG,POL,Poland,PL63,Pomorskie,15335.40,15227.35,14960.88,14507.05,14201.52,13821.56,14410.43,13893.20,12790.99,12511.63,11698.35,11724.18,11786.90,12211.98,12249.69,12407.05,12985.74,12827.24,12646.53,12517.30,13650.32,13609.54,13355.06,12774.50,12579.04,12655.72,13236.59,13642.06,13692.14,13264.68,12958.82,13586.96,12988.78,12685.88,12674.44
GWP_100_AR5_GHG,POL,Poland,PL71,Łódzkie,48262.93,48070.54,47497.74,47220.87,45740.28,45255.83,46665.21,44993.40,42720.69,41695.38,40485.22,40265.88,39038.65,40225.37,40357.68,40641.58,42094.57,41580.37,40158.44,38631.27,40503.15,44148.31,43214.95,43940.58,42117.63,42457.88,43217.44,43481.99,43640.81,39162.39,35345.56,41934.25,41267.31,35715.88,35078.17
GWP_100_AR5_GHG,POL,Poland,PL72,Świętokrzyskie,25091.91,24726.94,24135.78,23705.87,23772.51,22948.18,23599.85,22996.35,21641.91,20969.99,20221.05,19632.63,18966.34,19583.22,19847.28,20002.04,20965.83,21379.92,20682.59,19438.92,20285.85,20516.01,18665.82,18527.23,17919.27,18269.10,18950.79,19625.55,20172.71,18787.70,17930.05,20002.09,19433.96,17506.96,16530.97
GWP_100_AR5_GHG,POL,Poland,PL81,Lubelskie,29358.73,28546.74,27645.03,26957.04,26217.07,26932.48,27202.59,26525.43,23149.65,22278.00,21340.41,20799.27,21004.69,21195.67,21052.60,21541.43,22093.16,21812.98,22141.36,21267.87,22568.08,22365.26,22221.13,21587.55,21371.07,21524.37,22291.71,22231.26,21967.19,21601.20,20992.20,21817.26,20401.58,19703.23,19256.39
GWP_100_AR5_GHG,POL,Poland,PL82,Podkarpackie,12672.79,12911.66,12689.33,13538.08,13502.19,14251.51,15184.81,14901.29,13682.13,13082.52,12994.48,13141.91,12432.16,13077.12,13077.12,12969.05,13333.34,13357.86,14625.61,14106.38,14496.11,14423.86,14139.27,13315.96,13014.56,13858.28,14065.33,13051.88,12878.12,12103.20,12928.99,13591.01,11597.99,11577.95,10850.81
GWP_100_AR5_GHG,POL,Poland,PL84,Podlaskie,11135.49,11281.91,10903.64,9917.44,9455.74,8055.27,8298.72,8073.96,7493.85,7440.32,6889.50,6910.44,6936.29,7257.61,7279.99,7443.34,7876.44,7724.65,7531.15,7493.90,7890.59,7653.34,7641.34,7092.05,6970.61,6999.38,7466.42,7896.69,8004.50,7810.19,7667.07,8007.42,7757.57,7577.11,7580.74
GWP_100_AR5_GHG,POL,Poland,PL91,Warszawski stołeczny,15367.59,15696.22,15457.07,16180.73,15467.23,15831.27,16571.95,15913.97,14860.36,14557.32,13720.86,13772.62,13709.31,14094.49,14193.10,14415.94,15136.81,14898.39,14882.81,15092.37,15896.48,15309.82,15114.28,15145.13,14599.29,14729.13,15324.91,15606.85,15806.27,14513.95,13943.85,11821.94,11072.70,11089.62,10544.84
GWP_100_AR5_GHG,POL,Poland,PL92,Mazowiecki regionalny,42728.70,41663.93,40846.27,40230.24,39000.10,40158.78,41803.89,40378.51,38456.42,37487.90,36680.93,36718.87,36059.81,37202.11,37423.19,37836.89,39024.92,39231.06,38434.35,37265.77,38929.80,38236.57,37815.79,37476.09,36105.62,36869.49,38020.31,43908.49,45898.30,42446.30,40123.51,45386.20,43938.58,40012.19,40177.38
GWP_100_AR5_GHG,PRI,Puerto Rico,,,21752.46,22307.96,22733.75,23303.85,24032.16,24385.00,24707.16,25385.43,25818.58,27798.80,27851.34,27518.24,22855.31,29203.69,29242.38,29357.14,19930.68,20899.42,18262.75,16774.78,16145.40,14310.67,13906.60,13487.05,14072.37,14628.55,13852.66,14054.63,16076.08,14906.32,14654.48,14901.46,16121.87,16811.16,17616.49
GWP_100_AR5_GHG,PRK,North Korea,,,164959.61,159042.15,142994.44,133446.98,121547.85,112820.24,102895.93,100591.02,85762.47,93378.11,99770.33,103485.91,99762.97,101920.88,104469.12,109289.02,110996.26,95214.79,102823.94,99454.71,97143.79,78107.74,76098.72,65239.71,69032.79,59391.31,65063.16,101642.59,92485.02,100757.96,95250.68,81636.02,84570.59,90622.46,91251.82
GWP_100_AR5_GHG,PRT,Portugal,,,361.98,305.64,307.72,321.58,345.22,349.37,352.18,351.44,385.98,383.00,441.17,468.74,612.45,513.67,428.84,417.42,418.53,771.55,781.21,945.38,767.88,703.16,706.28,724.48,597.46,649.55,732.15,770.79,812.53,733.79,437.33,541.76,637.02,668.01,682.05
GWP_100_AR5_GHG,PRT,Portugal,PT11,Norte,9783.92,9805.12,10199.01,10570.46,11271.27,11631.03,12410.17,12798.18,13880.60,16504.14,16443.69,15643.49,16286.24,15605.39,16122.15,16693.81,15619.01,15759.65,15547.58,14871.08,14658.16,14028.38,12646.83,12374.52,12893.89,12891.20,12950.23,13891.88,13468.07,13860.66,13063.07,12901.45,13117.27,12500.40,12045.71
GWP_100_AR5_GHG,PRT,Portugal,PT15,Algarve,1644.82,1705.41,1746.18,1780.70,1872.10,1901.97,2028.63,2112.50,2244.38,2375.90,2495.53,2473.35,2563.01,2545.92,2624.98,2611.40,2557.91,2552.54,2486.59,2377.70,2404.39,2064.03,2100.92,2125.59,2168.37,2222.74,2130.98,2347.69,2351.41,2398.03,2249.27,2300.49,2337.60,2401.36,2353.92
GWP_100_AR5_GHG,PRT,Portugal,PT19,Centro (PT),9860.27,10178.96,10433.91,10663.26,11205.85,11257.69,12029.51,12569.14,13351.59,14002.85,14666.97,14253.47,14587.86,14327.46,14505.59,14523.58,14167.27,14190.82,13830.54,14201.40,14194.07,13425.31,12033.10,11413.80,11870.93,12231.14,12320.85,12899.29,12472.76,12842.35,12227.66,12340.57,12569.39,12214.37,11784.46
GWP_100_AR5_GHG,PRT,Portugal,PT1A,"Grande Lisboa
",6707.30,6945.72,7886.58,6968.46,6570.71,7256.28,6404.47,6711.68,7860.15,8258.05,7971.44,8538.79,9257.24,7751.45,7645.20,8063.34,7289.96,7326.53,6604.99,6255.39,6160.73,5421.01,5285.64,5643.03,5505.70,5446.95,5108.71,5780.23,5663.44,5743.64,5496.50,5493.46,5449.17,5380.11,5184.61
GWP_100_AR5_GHG,PRT,Portugal,PT1B,"Península de Setúbal
",3561.78,3721.55,3690.44,3589.18,3947.40,4086.04,4003.57,4266.01,4505.65,4541.45,4713.92,4755.65,4771.96,4587.55,4743.06,4594.47,4463.09,4782.77,4910.53,4546.92,4731.99,4372.69,4093.22,4066.43,4192.93,4105.74,3901.23,4073.85,4015.87,4065.73,3836.65,3850.22,3703.07,3663.83,3481.35
GWP_100_AR5_GHG,PRT,Portugal,PT1C,Alentejo,14718.25,15102.15,13581.81,14367.95,15963.29,15264.53,15141.38,15740.04,15266.83,17475.32,17319.89,16605.05,17437.34,17357.38,17536.96,18049.05,17550.26,16081.94,15453.73,16246.60,13168.01,13657.82,15401.35,15469.49,14116.97,16804.28,16093.33,17110.41,15555.39,11863.39,9674.38,8415.22,8204.99,7836.91,7826.48
GWP_100_AR5_GHG,PRT,Portugal,PT1D,"Oeste e Vale do Tejo
",5564.18,5719.30,7638.19,7891.26,8468.09,10157.79,10290.45,10710.08,10790.77,11810.59,12002.00,11547.09,12319.07,12598.38,13713.05,14053.69,14109.58,13255.01,13034.57,12761.82,11000.39,11825.67,11808.59,10727.91,11028.52,12422.00,12403.86,13742.10,12355.82,10786.86,9612.48,9002.25,9124.36,8113.42,7668.51
GWP_100_AR5_GHG,PRT,Portugal,PT20,Região Autónoma dos Açores,2323.18,2418.74,3060.01,2443.66,2011.16,2426.00,1728.48,1810.82,2420.25,2490.44,2218.79,2450.24,2782.34,2026.58,2413.87,2899.50,2085.08,1965.92,1801.19,1598.38,1477.57,1370.66,1347.50,1305.18,1283.05,1261.07,1261.01,1342.89,1334.98,1376.18,1275.15,1297.42,1312.52,1333.45,1305.81
GWP_100_AR5_GHG,PRT,Portugal,PT30,Região Autónoma da Madeira,3111.20,3254.55,4428.29,3254.62,2353.62,3112.16,1698.65,1770.44,2873.56,2916.00,2298.16,2757.27,3346.05,1888.10,1491.73,2818.56,1639.62,1476.83,1344.64,1151.87,955.81,863.57,829.80,787.35,755.73,826.44,842.41,860.54,847.31,889.83,810.03,816.94,863.48,865.83,836.69
GWP_100_AR5_GHG,PRY,Paraguay,,,20770.44,19474.53,20396.00,22312.48,23720.33,25546.27,25518.95,25895.27,26054.36,25561.16,24887.58,25459.92,24622.54,26531.52,25629.86,25819.83,27640.84,29700.93,30910.02,33461.45,36453.68,36832.55,38005.22,38755.91,41116.75,40860.44,41209.17,42437.64,42000.36,42408.08,42584.45,42403.80,41197.58,40954.55,41442.04
GWP_100_AR5_GHG,PYF,French Polynesia,,,938.39,971.35,1003.54,1015.49,840.14,797.95,790.09,827.08,853.07,853.99,807.53,924.72,968.80,1029.13,980.97,1035.89,978.72,1046.80,1069.94,1031.92,1088.58,1056.37,1025.27,1095.41,1083.48,1105.84,1109.29,980.48,880.88,884.18,813.61,737.60,1029.47,1033.78,1081.00
GWP_100_AR5_GHG,QAT,Qatar,,,26289.81,27149.42,28737.62,29033.52,30174.53,29838.13,35294.80,51631.97,53126.75,57257.57,59996.64,56448.95,59621.14,65365.99,66242.44,65671.67,71413.33,80014.51,85469.58,87065.90,93742.59,107021.53,116298.79,127190.89,135914.00,139630.05,139920.94,139461.39,140395.53,142399.77,140677.66,144034.44,146130.61,156126.57,162744.69
GWP_100_AR5_GHG,REU,Réunion,FRY4,La Réunion,1137.71,1524.35,1383.69,1594.45,1630.77,1636.37,1671.92,1652.53,2097.74,2180.12,2235.83,2295.43,2415.66,2493.55,2688.99,2604.33,2524.85,2407.06,2599.61,2723.54,2871.87,2780.92,2820.02,2826.12,2815.97,2791.78,2809.73,2811.53,2820.35,2816.98,2804.98,2816.77,2834.83,2885.12,2931.88
GWP_100_AR5_GHG,REU,Réunion,,,23.54,27.21,26.20,33.64,38.98,50.30,56.95,61.05,83.48,84.00,87.18,78.57,82.15,84.54,98.10,87.11,72.86,65.35,68.08,78.25,87.55,84.99,84.99,84.99,84.99,84.99,84.99,84.99,84.99,84.99,84.99,84.99,84.99,94.46,102.51
GWP_100_AR5_GHG,ROU,Romania,,,5010.06,4692.14,4453.43,3747.44,3685.60,3618.71,3687.06,4181.49,3665.41,3616.45,2893.22,2838.20,3287.08,3120.20,2460.47,2513.72,2500.12,2545.55,2370.39,2231.40,2245.28,2122.34,1916.39,1715.09,1157.22,1549.81,1644.21,1229.02,1103.97,1469.76,1497.02,1370.86,1065.03,646.33,637.42
GWP_100_AR5_GHG,ROU,Romania,RO11,Nord-Vest,14155.04,11732.60,10346.23,9479.11,9349.95,9137.95,9622.97,9710.47,9020.46,8087.85,8139.03,8612.83,8796.23,8973.34,9651.14,9400.43,9803.84,9582.49,9920.32,9130.99,9145.36,9460.47,9722.92,9427.65,9523.91,9805.53,9955.57,10217.31,10528.26,10551.23,10584.36,11082.67,10940.54,10904.91,11204.19
GWP_100_AR5_GHG,ROU,Romania,RO12,Centru,30391.64,21767.88,19372.06,18182.30,18039.52,19905.14,19739.00,16731.04,14507.75,13256.78,14678.97,15023.49,15019.16,16129.84,15811.57,15271.35,15211.65,15385.90,15711.40,12318.30,12926.05,13207.12,12876.20,13006.76,13104.92,12519.27,12099.33,12581.26,13109.08,13112.10,13379.69,13863.03,12462.12,11892.24,12462.53
GWP_100_AR5_GHG,ROU,Romania,RO21,Nord-Est,20686.31,15954.81,17118.11,15771.43,13866.63,14063.20,14203.50,13223.44,12297.69,11179.30,11549.21,11929.59,12207.75,12690.08,12970.35,12605.52,13158.45,12988.23,13397.51,11259.21,11450.07,11508.72,11563.38,11567.98,12051.59,11640.99,11122.90,12038.09,12098.34,11665.66,11678.70,12229.35,11980.63,12071.42,12306.46
GWP_100_AR5_GHG,ROU,Romania,RO22,Sud-Est,51169.56,40803.10,29385.36,29443.49,31390.13,32090.51,33304.12,33560.60,28610.95,23871.77,23068.98,24859.90,23779.05,23752.31,23394.65,22941.42,23015.20,21559.90,20022.59,15025.15,14963.01,14698.05,14455.20,13894.52,13933.11,14547.50,14876.13,15294.50,15350.31,14881.37,14714.01,15390.78,14474.69,13649.18,13816.52
GWP_100_AR5_GHG,ROU,Romania,RO31,Sud-Muntenia,37260.19,28023.07,26343.22,24789.06,24368.89,25468.70,25553.67,22475.45,20939.85,18655.37,20151.25,21427.34,21602.66,22374.60,22490.57,22366.35,22887.48,22831.52,23351.15,19947.58,20050.24,20527.20,21252.94,20130.76,19724.58,19219.02,18268.19,18701.03,19158.02,18669.26,18738.45,19423.50,18294.70,17799.63,17951.37
GWP_100_AR5_GHG,ROU,Romania,RO32,Bucureşti-Ilfov,19829.15,17920.69,12570.27,11886.29,11821.28,12375.75,13625.54,12054.73,11497.05,9469.53,9164.77,9007.43,8882.62,9883.60,9550.55,9059.97,9174.37,8802.04,8250.40,7304.00,7283.41,7442.41,6387.08,5935.38,5870.58,5812.13,5948.61,6199.41,6284.01,6126.25,6110.80,6448.94,5978.47,5886.54,5658.54
GWP_100_AR5_GHG,ROU,Romania,RO41,Sud-Vest Oltenia,34995.02,33353.41,34737.72,32722.40,32085.70,33120.78,33770.56,29546.52,25073.63,23031.30,25329.64,26353.04,25959.84,26937.20,26776.72,27035.97,30315.03,30349.95,29554.47,25653.55,23753.43,27418.47,25573.41,21423.43,22096.23,22840.37,23404.70,24218.93,23828.24,23215.42,17837.98,19414.31,20370.55,17583.50,16845.18
GWP_100_AR5_GHG,ROU,Romania,RO42,Vest,27517.59,22463.17,25324.25,23759.77,21345.56,20841.25,20851.32,19809.69,17845.50,14984.53,15403.48,15948.50,16076.57,16796.35,17261.36,17133.58,18706.49,18464.04,17466.87,15375.56,14696.28,16025.42,15642.99,14119.90,13849.09,14310.54,14224.92,14730.84,14599.80,14274.88,13612.83,14254.89,11739.35,10852.62,10975.37
GWP_100_AR5_GHG,RUS,Russia,,,3055884.90,2986108.33,2756527.54,2521979.19,2283289.69,2213726.19,2149489.40,2013352.00,2002296.79,2054244.37,2084347.63,2092125.64,2084567.13,2150138.62,2162878.65,2166725.07,2203870.16,2216101.22,2206780.86,2092075.05,2191192.78,2283419.82,2293757.43,2243893.81,2233880.96,2248753.93,2237843.11,2286904.45,2376929.98,2409026.30,2325799.86,2498455.33,2459393.35,2512819.59,2575654.76
GWP_100_AR5_GHG,RWA,Rwanda,,,5671.41,5452.86,5121.43,4861.35,4955.08,4969.14,5208.20,5754.11,3991.63,4298.16,4109.30,4244.65,4450.28,4582.85,4723.56,4796.10,5070.23,5186.30,5398.05,5545.76,5825.45,5778.13,5957.20,6153.13,6221.24,6875.49,6891.22,7040.09,7303.76,7491.41,7641.54,7813.93,8230.92,8346.90,8349.88
GWP_100_AR5_GHG,SAU,Saudi Arabia,,,236609.53,252024.16,267420.76,277506.14,294533.06,291236.18,308267.99,314106.48,330108.96,331361.27,350314.84,362481.13,380351.57,407388.08,429756.84,457158.51,480836.46,502568.06,538927.70,558504.83,603270.70,634213.92,669680.63,678320.10,721080.89,752887.07,757455.69,752694.21,736705.35,738285.01,740204.81,757994.55,804653.88,818191.73,838876.55
GWP_100_AR5_GHG,SCG,Serbia and Montenegro,,,85334.95,73406.06,67286.95,60115.63,55662.39,62374.73,70725.84,76713.06,76516.71,58031.99,65845.01,69869.28,73916.44,76964.46,82445.60,76586.21,78162.15,76779.83,76141.22,71196.74,72936.26,77148.20,69712.14,71085.13,61521.41,69645.43,71840.04,71828.29,70324.97,70903.03,71598.84,69632.18,70234.73,68126.25,66753.67
GWP_100_AR5_GHG,SDN,Sudan and South Sudan,,,61171.46,62246.60,67375.33,70522.33,77217.34,77921.55,80627.41,83092.94,86784.58,90796.85,95630.98,100792.76,104420.17,107905.55,110679.09,114428.41,117391.79,120582.96,122219.56,124088.99,124945.59,121724.59,123456.53,124795.33,126717.58,130188.81,134002.46,133673.79,137991.05,138213.24,137716.74,139716.43,139459.57,138359.90,138701.95
GWP_100_AR5_GHG,SEA,International shipping,,,395323.17,410694.38,440942.31,427959.10,440870.22,457179.41,466422.99,478281.60,492990.30,521282.05,535203.77,508002.05,526620.93,535676.07,588353.55,608741.39,647473.60,684898.70,686002.81,652674.14,701241.28,702947.84,656235.21,653493.46,674698.52,699705.19,720889.11,748939.22,752244.56,734440.14,673795.08,695920.50,697766.74,752639.43,737322.19
GWP_100_AR5_GHG,SEN,Senegal,,,9887.92,10089.75,10465.39,10646.38,10936.74,11182.22,11696.20,12130.69,12704.67,13705.98,13558.69,14384.46,14455.01,14426.89,15244.21,16072.05,16302.80,17256.94,18004.31,18764.68,19500.87,20226.82,20569.75,21063.08,21816.96,23425.09,24958.79,24961.80,25915.00,26465.73,27161.84,29548.70,31500.78,31075.39,31720.61
GWP_100_AR5_GHG,SGP,Singapore,,,33754.89,35804.35,36613.42,42451.97,45397.35,46825.73,48790.24,50338.29,54771.89,52730.52,57243.35,58766.98,51403.91,49808.84,52470.54,50329.12,50598.58,51167.43,50447.86,51447.37,58050.94,60447.08,58587.66,62013.34,63911.35,65746.66,63878.31,69102.60,67086.36,69587.53,68067.53,70645.25,71907.97,72392.94,76092.76
GWP_100_AR5_GHG,SHN,"Saint Helena, Ascension and Tristan da Cunha",,,13.31,8.79,8.50,9.82,8.33,8.71,6.32,6.52,6.57,6.82,14.25,10.41,10.45,10.94,12.30,12.93,11.67,13.09,13.62,13.81,14.68,15.23,15.42,18.26,18.24,18.33,19.04,19.78,20.67,20.42,19.08,19.41,20.74,20.77,21.01
GWP_100_AR5_GHG,SLB,Solomon Islands,,,301.58,309.63,328.92,333.41,339.69,326.63,331.18,338.80,346.37,350.92,406.11,428.88,444.85,459.33,473.94,490.98,496.18,524.38,533.70,537.15,572.62,591.33,596.78,625.27,611.75,575.26,570.01,542.81,581.14,584.10,581.32,615.55,592.13,598.95,619.75
GWP_100_AR5_GHG,SLE,Sierra Leone,,,3473.44,3677.60,3342.91,3350.81,3359.44,3445.97,3509.26,3572.57,3613.12,3695.66,3390.76,3452.65,3619.99,3805.21,3993.18,4461.42,5098.97,4621.36,4809.89,5179.40,5457.17,5861.02,6197.41,6502.99,6711.19,6242.86,6319.47,6343.18,6551.94,6702.06,6874.18,7833.32,7335.50,7794.54,7928.48
GWP_100_AR5_GHG,SLV,El Salvador,,,7083.40,7950.55,8486.97,8736.66,9476.03,9660.78,9605.36,10740.43,10659.66,10771.34,10269.87,10842.49,11004.50,11465.21,11875.01,12147.88,12638.64,12890.25,12378.62,12101.26,11758.21,11676.31,11940.84,11129.05,11615.02,12111.37,12069.59,11421.45,11739.76,12766.89,11646.11,12596.88,13602.66,14380.13,14751.63
GWP_100_AR5_GHG,SOM,Somalia,,,25666.39,22863.47,20986.46,22943.90,24761.63,25531.85,26192.14,26780.30,26897.03,27576.36,28301.17,28816.70,29383.88,29920.93,30431.75,31173.03,30303.78,29070.09,29528.29,29896.52,30251.16,30643.53,30924.83,31079.71,31324.04,31447.62,31811.26,32038.41,32580.00,33108.77,33508.35,33384.15,33644.70,34244.72,34416.87
GWP_100_AR5_GHG,SPM,Saint Pierre and Miquelon,,,98.40,93.03,87.21,51.00,52.81,34.91,34.67,22.88,29.21,29.50,23.48,23.20,25.82,29.32,28.03,29.33,31.79,33.98,35.46,38.50,42.47,33.95,34.63,39.63,43.52,44.30,47.45,43.81,34.41,41.35,38.79,35.17,35.07,35.11,35.01
GWP_100_AR5_GHG,STP,São Tomé and Príncipe,,,83.26,98.12,91.06,90.46,101.53,104.79,107.99,108.79,111.14,118.06,115.80,115.70,126.67,137.68,148.04,156.81,163.54,166.70,175.57,188.31,198.43,203.64,210.32,213.70,214.39,225.15,233.26,238.40,242.46,251.75,248.70,251.25,236.51,242.12,245.47
GWP_100_AR5_GHG,SUR,Suriname,,,2213.40,2461.26,2598.36,2476.47,2438.84,2475.86,2485.56,2458.26,2470.67,2395.39,2528.14,2548.28,1967.65,2188.79,2332.55,2604.52,2480.61,2373.08,2458.80,2567.27,2878.30,3113.43,3582.17,3465.52,3834.89,3923.08,4193.46,3657.39,3317.56,3878.62,3791.14,3914.80,3956.37,3586.67,3666.58
GWP_100_AR5_GHG,SVK,Slovakia,,,,,,,,,,,,,,,,,3.10,37.25,9.31,,,,,,,,,,,,,,,,,,
GWP_100_AR5_GHG,SVK,Slovakia,SK01,Bratislavský kraj,8558.45,7951.29,7649.84,9013.17,8523.48,8309.45,8484.90,8284.77,8177.74,7693.26,6720.99,7798.88,7420.57,7398.80,7568.28,7750.84,7299.35,6722.08,6508.07,6717.04,6984.87,6441.70,5873.27,6169.92,5388.11,5964.67,6268.82,6316.96,5434.53,5455.67,5517.15,5956.58,5501.13,5299.64,5203.40
GWP_100_AR5_GHG,SVK,Slovakia,SK02,Západné Slovensko,25478.17,21823.51,19983.97,18159.87,17495.60,17287.74,17683.31,17721.54,17531.14,16907.56,16140.78,16267.57,15874.32,15656.34,15630.65,15757.28,15674.30,15766.11,16134.79,14710.33,15672.91,16581.47,15710.40,15446.84,14211.84,14747.25,14278.22,15072.62,15878.62,15509.88,15186.16,16410.15,15136.34,14692.07,14240.09
GWP_100_AR5_GHG,SVK,Slovakia,SK03,Stredné Slovensko,12000.42,10006.06,9116.88,8378.23,7852.15,7685.27,7713.97,7815.50,7878.18,7698.14,7507.16,7298.54,7374.20,6959.66,7005.33,7236.47,7299.82,7250.21,7444.70,7082.51,7587.47,7115.59,6618.82,6758.25,6176.15,6315.05,6457.79,7106.92,7134.59,6979.20,6742.88,7208.66,6869.36,6599.30,6584.86
GWP_100_AR5_GHG,SVK,Slovakia,SK04,Východné Slovensko,27807.70,24496.64,22816.71,22251.74,20979.76,21554.49,21495.54,20855.28,20180.30,20313.90,20113.12,19693.34,19927.00,21202.43,20741.24,20313.57,21034.57,20507.05,20016.16,17254.71,18856.11,17341.22,17178.90,17466.86,17268.98,16902.67,17796.56,18568.58,18221.99,16073.73,14550.00,16796.49,15017.44,13716.73,12972.43
GWP_100_AR5_GHG,SVN,Slovenia,,,,6.21,,3.10,3.10,3.10,3.10,3.10,3.10,3.10,3.10,3.10,3.10,3.10,3.10,3.10,3.10,3.10,3.10,3.10,3.10,3.10,3.10,3.10,3.10,3.10,3.10,1.15,1.46,1.48,1.35,1.41,1.61,1.10,1.16
GWP_100_AR5_GHG,SVN,Slovenia,SI03,Vzhodna Slovenija,14883.71,13943.22,13464.90,13738.14,13307.00,13875.55,14068.97,14816.06,14771.38,14305.41,14107.58,15173.93,15854.68,15661.34,16123.74,16197.36,16207.41,16269.61,16320.94,14940.32,15087.95,14783.72,14299.10,14080.05,12581.54,12863.54,13546.49,13705.35,13601.40,13001.89,12240.61,12180.72,11504.52,10903.73,11454.98
GWP_100_AR5_GHG,SVN,Slovenia,SI04,Zahodna Slovenija,6190.40,5787.62,5327.29,5604.47,5866.94,6200.38,6663.54,6687.91,6571.89,6419.15,6400.05,7171.14,7136.30,7166.61,7238.75,7307.18,7377.30,7242.57,7810.22,6926.66,6912.85,6236.59,6064.09,6240.80,6093.79,6021.36,6242.39,6392.25,6430.35,6351.25,5781.80,6008.36,5992.09,5772.29,5880.77
GWP_100_AR5_GHG,SWE,Sweden,,,1656.33,1552.22,1619.56,1045.58,1014.50,1122.23,1007.03,1106.88,1180.37,1224.62,1210.38,1219.42,1069.94,1135.91,1139.80,1130.85,1096.07,1071.65,1025.39,960.16,964.64,1023.68,975.90,1001.63,983.88,962.91,913.95,935.79,1039.53,918.10,552.67,536.34,750.70,684.46,686.76
GWP_100_AR5_GHG,SWE,Sweden,SE11,Stockholm,8187.59,8304.27,8273.23,8296.64,8586.26,8370.81,9199.00,8120.90,8193.09,8026.68,7475.36,7357.08,7784.71,8072.74,7773.26,7265.55,7161.55,6689.38,6602.42,6462.41,6828.95,6330.49,6000.29,6106.38,5737.16,7701.67,8021.81,8109.64,7935.82,7706.55,7343.41,4067.23,3759.88,3617.49,3705.08
GWP_100_AR5_GHG,SWE,Sweden,SE12,Östra Mellansverige,17503.07,17990.57,19458.61,19926.66,20687.08,20257.27,21948.89,19975.49,20355.18,20117.64,18934.07,18463.00,18971.32,18432.30,18063.89,16678.25,16707.58,15932.58,15567.54,13402.56,15447.85,14254.12,13178.02,12956.08,12592.06,11151.46,10322.52,10242.91,10031.40,10558.77,10225.83,11028.89,10552.47,10213.56,10419.75
GWP_100_AR5_GHG,SWE,Sweden,SE21,Småland med öarna,8113.20,7935.70,7930.36,8012.61,8135.33,8286.80,8570.12,8167.90,8288.77,8105.02,8006.46,7997.23,8086.97,7955.89,7899.08,7745.61,7733.80,7615.11,7644.67,7190.94,7555.35,7375.68,7399.95,6910.70,6628.10,6790.04,6712.14,6561.16,6490.60,6284.57,6072.26,6455.64,6312.87,6136.55,6255.73
GWP_100_AR5_GHG,SWE,Sweden,SE22,Sydsverige,8840.61,9178.39,9376.26,9459.97,9886.17,9673.31,10897.49,9888.92,9987.63,9524.49,8908.02,9009.94,9263.26,9394.34,8937.17,8570.53,8298.50,8090.96,7776.65,8318.62,9120.39,8298.28,7941.19,7649.09,7436.40,7246.99,7427.78,7152.96,7003.60,6843.03,6855.87,8047.79,6923.48,6708.36,6839.25
GWP_100_AR5_GHG,SWE,Sweden,SE23,Västsverige,12472.32,12744.76,13319.14,13459.34,13737.37,13604.59,14741.24,13560.77,13801.99,13477.39,12726.71,12621.28,12551.93,12885.11,12772.73,12209.46,12478.78,12045.46,11789.40,11361.33,11872.50,10995.14,10853.89,10081.58,10533.19,10281.71,10329.16,10172.63,8550.56,8231.76,9238.92,11538.86,10994.48,10656.86,10880.63
GWP_100_AR5_GHG,SWE,Sweden,SE31,Norra Mellansverige,6803.47,6383.37,6533.16,6571.68,6976.23,7094.83,7233.56,7021.55,6898.23,6729.23,6643.02,6566.26,6817.55,6958.58,6845.38,6555.70,6393.21,6391.76,6108.95,5514.76,6036.25,5915.01,5649.98,5434.13,5218.32,5153.05,5119.51,5145.80,5065.96,5004.26,4836.24,5171.21,4856.44,4750.27,4875.46
GWP_100_AR5_GHG,SWE,Sweden,SE32,Mellersta Norrland,4047.65,4003.14,4098.45,4148.38,4322.13,4162.20,4214.80,4156.57,4079.21,4054.68,3991.42,3881.21,3889.85,3878.13,3838.14,3663.76,3629.77,3546.25,3446.42,3215.01,3383.08,3295.49,3217.22,3126.76,2980.00,2960.61,2921.85,2887.53,2777.46,2855.09,2721.04,2876.53,2754.22,2740.74,2882.60
GWP_100_AR5_GHG,SWE,Sweden,SE33,Övre Norrland,7627.61,7373.78,7647.39,7776.11,8283.57,8455.83,8678.37,8437.82,8595.68,8537.29,8304.01,8627.20,8680.99,8525.20,8416.20,8104.42,8677.37,8379.04,8126.41,6664.57,7977.55,7145.15,6531.54,6444.68,6252.22,6142.42,6248.75,6127.77,5951.89,6518.77,5859.13,6095.19,5926.17,5893.00,6020.54
GWP_100_AR5_GHG,SWZ,Eswatini,,,3221.72,3295.50,3147.31,2787.92,3544.13,3518.76,3302.49,3369.77,3318.39,3533.01,3255.03,3116.86,3142.28,3181.48,3214.43,3186.99,3110.19,3188.25,3120.91,3083.71,2788.17,2662.86,2675.68,2885.87,2896.30,2893.08,2936.49,2908.12,2915.07,3011.08,2857.13,2905.89,3049.16,2921.69,2929.76
GWP_100_AR5_GHG,SYC,Seychelles,,,317.52,434.86,373.11,375.05,374.26,395.61,407.76,427.85,436.92,453.91,818.45,903.02,822.95,830.02,1132.80,1034.67,1122.82,938.70,993.92,1095.70,990.78,854.34,962.94,877.99,1006.27,1069.53,1189.73,1244.78,1093.43,982.79,928.37,879.66,937.30,935.24,976.44
GWP_100_AR5_GHG,SYR,Syria,,,63398.98,71842.78,71254.54,75230.67,78217.47,79808.56,82820.93,81582.86,83598.16,82849.61,84953.05,77654.51,73310.65,73746.78,74709.61,86642.45,88434.71,92372.94,92036.94,89245.85,88786.44,84432.37,66592.96,47900.77,47035.51,43719.80,41336.18,46269.57,47801.47,47341.46,46339.38,46286.12,45699.07,46530.65,47165.58
GWP_100_AR5_GHG,TCA,Turks and Caicos Islands,,,9.22,9.52,9.88,10.19,10.70,11.00,11.21,11.40,12.28,12.81,25.74,27.05,35.47,32.68,35.93,42.70,51.80,62.00,69.54,76.27,83.97,67.30,69.80,79.27,87.09,91.31,98.34,98.09,201.47,232.29,225.03,224.30,229.48,230.04,237.85
GWP_100_AR5_GHG,TCD,Chad,,,11065.69,17949.34,18691.24,19291.95,20307.27,21237.09,22087.38,22836.37,24133.50,25453.22,26570.02,27836.15,29327.87,31456.26,34737.43,36635.13,38301.98,40221.81,41977.98,44053.80,46629.77,48960.24,52080.18,54751.74,57757.86,62764.53,66108.28,69976.17,74114.51,78082.80,82415.83,86141.31,91531.20,96873.25,101173.80
GWP_100_AR5_GHG,TGO,Togo,,,3248.82,3130.33,2871.69,2799.25,3253.25,3205.16,3893.19,3813.42,4219.93,4718.17,4725.35,4717.81,4894.28,5248.81,5273.12,5454.80,5430.23,5498.46,5984.28,7389.80,7296.13,7221.28,7599.80,7479.38,7248.29,7280.07,8074.57,7817.32,8284.82,8728.60,9352.86,9745.01,10128.06,10545.13,10844.26
GWP_100_AR5_GHG,THA,Thailand,,,183282.12,197677.11,208535.06,223316.61,239184.92,255498.81,275115.95,279481.25,255844.91,265460.86,266586.82,278656.93,291778.99,305229.62,327030.14,338872.19,343897.92,355102.52,356990.55,354299.65,373950.31,373983.70,392564.07,403866.73,395706.34,401382.54,401089.94,406636.81,402117.32,410460.06,403909.54,398698.11,417771.18,410662.83,422387.29
GWP_100_AR5_GHG,TJK,Tajikistan,,,21985.16,22581.20,18506.57,14124.38,11582.45,11023.58,9876.63,10050.43,10173.55,10025.01,10508.62,9999.23,10857.19,10199.69,12334.39,11808.89,12488.93,13971.81,12789.47,12006.61,11887.50,11854.49,12829.62,13052.52,14517.96,15287.95,16322.31,18055.08,19427.30,20410.57,21126.41,21353.21,21848.95,21673.82,22188.97
GWP_100_AR5_GHG,TKL,Tokelau,,,0.53,0.53,0.52,0.52,0.52,0.52,0.52,0.52,0.53,0.53,0.52,0.53,0.53,0.51,0.49,0.48,0.47,0.46,0.46,0.46,0.46,0.46,0.47,0.47,0.48,0.49,0.50,0.52,0.57,0.66,0.79,0.93,1.05,0.90,0.97
GWP_100_AR5_GHG,TKM,Turkmenistan,,,61318.20,55546.30,42670.14,42037.11,47202.98,47047.54,45406.87,42396.89,46527.87,57036.55,59589.74,61201.23,67583.49,77011.75,80871.71,81221.96,85225.55,89799.17,93563.04,81743.98,88856.68,95548.31,99439.10,98419.85,97034.77,102823.81,100913.61,105301.68,107159.91,106327.15,109884.07,128434.87,134778.88,128319.60,114812.18
GWP_100_AR5_GHG,TLS,Timor-Leste,,,529.67,601.81,610.01,660.26,743.83,753.55,801.72,791.03,894.10,906.65,1022.56,1080.51,1061.92,1081.47,1682.53,2015.21,2160.77,1975.82,2178.07,2172.13,2081.13,2223.74,2614.64,2378.29,2160.43,2211.46,2016.01,1895.35,1881.42,2109.48,1914.06,1892.50,1932.91,1877.02,1940.12
GWP_100_AR5_GHG,TON,Tonga,,,194.07,199.52,209.06,209.67,248.53,219.09,236.00,246.53,253.54,255.31,208.14,202.97,213.62,235.32,221.34,231.06,243.40,224.74,234.79,242.13,237.82,231.49,230.83,232.28,245.60,249.37,258.93,271.56,264.37,283.61,307.96,328.97,283.71,284.24,292.90
GWP_100_AR5_GHG,TTO,Trinidad and Tobago,,,15894.02,16119.53,16376.32,16162.88,17898.55,17319.27,18389.46,18248.46,22017.24,22591.89,23502.16,26294.62,28344.93,32405.75,34546.98,41542.02,45699.21,46509.47,45501.81,44375.30,48074.42,48211.73,44706.04,43909.57,43775.16,43362.14,40049.96,39076.23,39279.17,40068.16,36523.95,35306.54,35189.28,33675.37,33586.58
GWP_100_AR5_GHG,TUN,Tunisia,,,23218.15,24279.81,25439.81,25995.25,25738.88,26235.44,27237.89,27688.27,29005.11,30553.87,31604.43,32579.96,32326.27,32034.27,33607.42,34823.73,36203.51,37060.72,38341.02,38227.40,40141.59,38317.42,40324.36,40055.25,42013.71,42436.10,41627.45,41840.74,41830.82,41883.68,40355.52,43319.88,42705.45,43602.06,44621.00
GWP_100_AR5_GHG,TUR,Türkiye,,,1691.12,1446.09,1645.85,1854.11,2346.78,3370.34,3469.61,3819.26,3931.56,2729.01,2849.53,2968.77,3195.04,3413.72,3903.00,4078.42,3825.81,4669.04,3938.99,4062.31,3122.84,3181.42,2672.09,4515.00,4545.23,4567.84,5126.74,4656.10,5057.01,4852.48,3369.42,3999.29,4538.52,4786.09,4997.87
GWP_100_AR5_GHG,TUR,Türkiye,TR10,İstanbul,15415.15,15505.54,16323.83,16449.93,16284.58,18348.75,20083.50,20854.85,19355.51,19084.89,21580.56,19844.60,19048.33,19121.25,18521.60,19669.39,21342.12,23759.23,25241.31,24255.41,23317.01,23291.98,24546.79,24153.52,25154.57,25807.34,25617.63,27928.76,25235.02,24767.40,26405.49,29044.17,27756.82,27245.08,28221.03
GWP_100_AR5_GHG,TUR,Türkiye,TR21,"Tekirdağ, Edirne, Kırklareli",5653.57,5560.83,5542.33,6039.26,5807.50,6104.42,6601.49,6844.51,7129.55,8345.23,10078.10,9608.30,9772.85,10309.52,10275.78,10683.64,11551.04,12575.29,12344.94,12628.00,13580.10,13686.13,14049.64,13503.30,14370.73,14173.30,14315.52,17553.38,16748.01,15315.30,16776.15,18949.06,17030.28,17143.46,17509.32
GWP_100_AR5_GHG,TUR,Türkiye,TR22,"Balıkesir, Çanakkale",4986.64,4997.64,5041.80,5329.91,5201.00,5468.69,5769.97,5891.63,5866.50,5924.13,6271.24,5838.82,6238.45,7905.70,8197.10,8953.18,9582.29,10416.71,10906.57,12043.65,14618.29,18419.56,18871.47,17614.68,18495.67,20642.72,22426.45,30023.57,33393.45,32168.43,31539.12,38714.28,42678.45,42927.80,41800.34
GWP_100_AR5_GHG,TUR,Türkiye,TR31,İzmir,9617.89,9348.94,9518.33,9926.34,9369.91,10203.81,11106.07,11520.16,11458.05,10914.19,12604.02,11550.11,13002.22,17005.09,17045.65,18229.19,19763.53,21997.65,20505.44,21549.30,22215.38,22303.16,22915.25,20728.66,22945.13,23320.93,24071.78,26335.14,25126.97,23519.47,24291.21,26998.10,24929.84,24604.96,25046.86
GWP_100_AR5_GHG,TUR,Türkiye,TR32,"Aydın, Denizli, Muğla",11361.50,11285.19,11520.58,11933.35,14224.18,15360.71,16821.68,17790.17,18864.58,18472.19,19300.51,18073.78,17302.26,15869.35,16121.27,16495.60,18033.34,20013.17,19910.39,19381.72,18828.02,20303.76,21163.75,22032.90,23210.86,22961.85,23817.12,25188.87,25891.29,25215.76,25273.62,26151.82,25394.10,25499.66,25684.02
GWP_100_AR5_GHG,TUR,Türkiye,TR33,"Manisa, Afyonkarahisar, Kütahya, Uşak",19239.30,19972.99,21507.04,21561.72,22087.64,22405.67,23837.25,24711.72,25495.46,25200.89,25429.03,24366.77,22693.18,20743.96,20902.30,21871.54,23691.87,26074.90,27040.07,25570.26,24195.48,26088.04,26213.25,26269.36,26231.70,26669.73,27339.44,27525.83,29307.31,32753.27,31032.11,31106.45,30481.67,30049.83,30096.53
GWP_100_AR5_GHG,TUR,Türkiye,TR41,"Bursa, Eskişehir, Bilecik",8165.58,8036.69,9390.35,9784.49,9487.88,10300.59,10935.19,11613.97,14066.10,16000.54,16833.21,16263.25,15137.84,15224.21,15255.85,16416.81,17880.11,18948.23,19377.94,19523.45,19801.33,20115.26,21540.09,20297.94,21404.25,20600.14,19666.95,21639.11,21811.86,19837.74,22555.23,25569.85,22297.28,22095.46,22463.21
GWP_100_AR5_GHG,TUR,Türkiye,TR42,"Kocaeli, Sakarya, Düzce, Bolu, Yalova",9610.85,9474.85,9669.18,10441.93,9969.85,10815.48,11613.77,12131.72,12327.39,11995.21,13577.74,12481.18,18320.92,19505.93,19194.05,20771.42,22338.32,24809.05,24215.89,24593.75,23913.03,24117.07,24723.25,25151.96,26133.95,27682.01,28514.80,31536.39,29068.87,27249.24,28158.69,31196.78,28722.07,28766.30,29241.10
GWP_100_AR5_GHG,TUR,Türkiye,TR51,Ankara,9080.62,9012.74,9211.67,9807.28,9489.95,9964.67,10678.60,11066.31,11224.10,12122.19,13746.25,12752.45,12962.39,13061.39,14752.16,15421.80,16686.75,18163.23,18856.20,18887.41,18432.26,19302.92,20131.08,19180.39,20046.28,19971.56,21330.81,22314.78,23116.17,23169.76,23563.00,25456.22,24274.87,24652.32,25119.01
GWP_100_AR5_GHG,TUR,Türkiye,TR52,"Konya, Karaman",11506.54,11329.60,11744.74,12172.07,11673.08,12008.07,12479.07,12577.41,12351.88,12264.03,12813.07,11783.60,12331.74,12649.51,12675.34,12812.39,13790.57,14203.18,13949.32,14799.02,14876.65,15452.32,16690.74,18103.54,18759.55,20337.81,21055.94,21882.74,23000.16,23432.99,24770.22,25937.03,25982.09,25943.03,26297.18
GWP_100_AR5_GHG,TUR,Türkiye,TR61,"Antalya, Isparta, Burdur",18519.98,17446.78,17354.79,17909.21,16655.63,17940.30,20648.93,21927.26,22399.73,20659.08,25280.56,20696.18,24327.81,26058.00,25465.52,24817.82,28256.03,28976.04,21460.35,24331.88,25788.57,28942.34,29902.97,28072.01,28887.04,29353.83,30073.84,33703.72,33707.67,32715.82,34965.07,37534.33,36003.86,36253.89,37447.68
GWP_100_AR5_GHG,TUR,Türkiye,TR62,"Adana, Mersin",8688.81,8545.40,8689.65,9108.86,8567.71,9240.02,9978.12,10383.17,10350.85,10093.07,11111.49,10298.02,11319.14,16730.72,17063.08,17289.03,19097.34,20966.05,20631.90,21007.59,20551.86,21849.18,22646.55,21335.33,22045.38,22414.94,26343.07,28064.60,27853.32,27433.70,27652.22,28302.64,32951.70,32960.18,32859.11
GWP_100_AR5_GHG,TUR,Türkiye,TR63,"Hatay, Kahramanmaraş, Osmaniye",17191.96,16353.64,17527.62,16992.66,17952.00,18271.88,18910.71,20372.07,21119.39,20599.11,21185.36,19768.64,18647.33,17653.24,18517.69,20275.14,26744.87,29226.21,32120.43,30581.26,30799.29,33462.00,34746.93,33121.63,40908.16,40700.60,42166.77,44106.53,46524.09,45323.48,44301.16,44962.01,42526.85,41962.03,49904.27
GWP_100_AR5_GHG,TUR,Türkiye,TR71,"Kırıkkale, Aksaray, Niğde, Nevşehir, Kırşehir",6624.27,6310.73,6472.72,6802.79,6445.46,6786.33,7175.34,7256.38,7168.62,7069.64,7298.57,6832.02,7252.83,7442.38,7933.48,8040.71,8382.33,8426.11,8003.10,8758.09,8857.31,9452.76,9802.42,9885.09,10321.49,11557.16,13402.31,15492.70,14504.66,13857.24,14458.69,16243.21,14952.92,14705.59,14955.85
GWP_100_AR5_GHG,TUR,Türkiye,TR72,"Kayseri, Sivas, Yozgat",9545.35,9361.39,9677.91,9920.43,9579.02,9979.99,10606.59,10873.39,10758.65,10726.80,12176.05,11290.37,11412.29,11355.76,11558.98,11735.13,12712.43,13612.77,13625.03,13706.28,13574.52,14348.76,15049.74,15019.53,15480.82,15949.14,16744.69,18073.60,18496.55,19093.34,19324.43,19354.16,19001.03,19134.27,19471.20
GWP_100_AR5_GHG,TUR,Türkiye,TR81,"Zonguldak, Karabük, Bartın",9190.80,9045.04,9729.77,9221.57,9348.85,9586.66,10459.68,11093.89,10979.57,10548.28,11512.95,10702.78,10266.29,10057.62,10452.00,10713.35,11459.89,12131.97,13538.44,13123.18,20360.32,21607.44,22473.08,21033.82,21081.62,21105.14,29130.66,29837.03,31969.54,31341.43,29977.56,29715.11,28166.22,27603.26,27542.20
GWP_100_AR5_GHG,TUR,Türkiye,TR82,"Kastamonu, Çankırı, Sinop",2693.27,2631.13,2683.53,2902.56,2701.32,2908.91,3069.11,3058.51,2983.19,3119.70,3185.41,3023.86,3262.40,3362.28,3428.65,3389.91,3640.34,3857.72,3856.78,3893.99,3868.72,3973.40,4250.80,4413.56,4727.51,5101.49,5424.41,5592.45,5379.43,5569.37,5674.82,6043.14,5822.53,5988.30,6125.26
GWP_100_AR5_GHG,TUR,Türkiye,TR83,"Samsun, Tokat, Çorum, Amasya",8986.68,8688.64,9439.25,9594.46,8782.46,10383.75,10992.21,11119.77,11161.77,11080.74,11792.47,10661.05,11348.21,11490.81,12564.77,12272.57,12962.31,12503.69,12096.22,12872.11,14259.05,14873.69,15952.02,15398.82,17043.87,18304.49,18174.00,18963.58,18686.26,18168.83,20253.26,22596.75,20397.02,19887.13,20529.22
GWP_100_AR5_GHG,TUR,Türkiye,TR90,"Trabzon, Ordu, Giresun, Rize, Artvin, Gümüşhane",5381.26,5559.69,5900.00,5879.18,5335.33,6219.51,6389.23,6426.29,6099.96,6297.69,6375.87,5897.00,6305.51,6462.05,6881.10,6930.32,7618.63,7928.06,8143.61,8384.89,8758.27,9158.44,9513.37,11029.67,11122.60,11275.77,11629.19,12674.26,11913.06,11194.43,12440.43,13503.57,12582.83,12559.14,12863.77
GWP_100_AR5_GHG,TUR,Türkiye,TRA1,"Erzurum, Erzincan, Bayburt",3461.77,3386.04,3506.85,3631.49,3432.88,3668.75,3770.76,3737.60,3459.25,3531.93,3650.40,3401.16,3548.95,3546.74,3692.41,3821.50,4120.26,4430.74,4551.54,4522.94,4591.05,4816.18,5062.78,5084.79,5225.28,5569.16,5865.40,6373.22,6283.75,6339.03,6622.24,6986.52,6838.46,6890.82,7045.66
GWP_100_AR5_GHG,TUR,Türkiye,TRA2,"Ağrı, Kars, Iğdır, Ardahan",3993.75,3849.99,3941.76,4102.87,3868.46,3996.81,4051.88,3965.75,3731.65,3794.39,3846.16,3595.41,3674.75,3696.84,3796.08,3900.10,4143.85,4417.40,4637.42,4598.06,4563.00,4764.66,5061.13,5255.63,5395.45,5774.03,6069.35,6435.14,6408.71,6602.78,6877.22,7195.70,7054.30,7095.90,7245.99
GWP_100_AR5_GHG,TUR,Türkiye,TRB1,"Malatya, Elazığ, Bingöl, Tunceli",3302.29,3224.70,3336.31,3523.75,3302.10,3538.47,3647.55,3606.90,3381.65,3427.32,3589.48,3301.38,3474.89,3543.60,3685.59,3814.04,4115.10,4422.35,4646.09,4573.74,4605.65,4830.83,5085.68,5111.68,5245.16,5656.14,5935.63,6423.98,6318.76,6469.81,6737.72,7110.06,6989.03,7115.98,7310.45
GWP_100_AR5_GHG,TUR,Türkiye,TRB2,"Van, Muş, Bitlis, Hakkari",5059.15,4942.63,5071.52,5297.53,5042.70,5261.49,5362.84,5329.47,5032.70,5123.13,5220.90,4882.98,5024.20,5149.07,5417.16,5620.21,6010.47,6475.60,7057.60,6976.30,7365.88,7704.94,8073.95,8262.20,8485.92,9000.91,9449.20,10339.92,10207.42,10251.23,10937.89,11600.10,11277.42,11462.84,11777.79
GWP_100_AR5_GHG,TUR,Türkiye,TRC1,"Gaziantep, Adıyaman, Kilis",6801.39,6827.22,6920.08,7302.00,7057.81,7464.83,7858.00,8180.19,8048.76,8080.91,8467.55,7756.85,8297.87,9091.51,9532.13,9666.77,10489.52,11106.74,11771.68,11886.28,12888.69,13388.05,13828.94,13984.17,14422.92,14862.92,15608.57,17849.55,17856.87,17281.93,18996.63,20142.52,19268.00,19560.92,20135.56
GWP_100_AR5_GHG,TUR,Türkiye,TRC2,"Şanlıurfa, Diyarbakır",5508.67,5386.52,5514.42,5909.46,5569.24,5883.19,6095.60,6161.31,6074.78,6135.11,6308.28,5869.47,6212.29,6596.78,6897.24,6974.58,7442.46,7922.46,8608.87,8647.80,8782.67,9844.70,10100.86,10458.82,10979.64,11543.38,12070.33,13182.35,12697.73,12864.57,13376.38,14107.77,13295.16,13644.36,14032.68
GWP_100_AR5_GHG,TUR,Türkiye,TRC3,"Mardin, Batman, Şırnak, Siirt",4899.62,4894.46,4941.13,5152.69,5079.04,5295.87,5456.85,5598.02,5471.45,5571.93,5733.64,5096.55,5357.33,5660.12,5938.75,6065.67,6509.30,7222.78,7772.42,8251.13,8336.00,8727.71,9070.09,8824.87,9072.92,10443.37,10997.50,12179.94,12330.30,12125.65,13098.88,13464.18,13048.09,13523.53,13783.68
GWP_100_AR5_GHG,TUV,Tuvalu,,,3.05,3.36,3.40,3.30,3.36,3.37,3.39,3.44,3.44,3.50,3.51,3.51,3.60,3.61,3.62,3.62,3.62,3.64,3.67,3.71,3.71,3.72,3.74,3.75,3.77,3.80,3.81,3.82,3.84,3.85,4.01,4.05,4.06,4.08,4.10
GWP_100_AR5_GHG,TWN,Taiwan,,,146522.74,157432.05,165475.55,176918.91,186934.99,196863.89,206366.26,221227.99,232461.78,242365.80,259164.94,267331.58,322421.02,333515.57,348352.78,342501.81,332474.32,341672.19,324800.59,306568.14,313737.55,320337.84,314589.00,319766.42,324672.91,323559.03,327076.34,332650.63,328544.88,318572.35,317037.15,328015.32,318560.15,310440.52,309611.65
GWP_100_AR5_GHG,TZA,Tanzania,,,29197.35,29078.93,30057.91,31587.59,31226.63,35075.79,33460.89,32870.75,34444.94,38106.55,39196.78,40035.88,41273.65,43049.14,44614.64,46440.98,48004.40,48008.55,49440.03,50125.57,52924.34,57727.90,61135.25,65165.52,66836.46,70415.85,72557.37,73160.76,74277.01,79442.47,81879.66,85328.24,89522.93,99484.98,102525.01
GWP_100_AR5_GHG,UGA,Uganda,,,15294.44,15920.57,16296.02,16720.63,16456.39,17057.31,17482.10,17959.04,18638.34,19166.39,19633.92,20204.43,21055.60,21940.45,22510.00,23687.87,24488.13,25817.45,33381.82,34725.61,35832.40,37381.06,38624.70,39655.31,41383.71,43428.43,45398.79,45964.66,48074.31,49980.42,50918.08,53560.19,54269.57,56602.82,57298.15
GWP_100_AR5_GHG,UKR,Ukraine,,,2.44,2.14,1.93,1.78,1.70,1.69,1.70,1.67,1.63,1.63,1.61,1.63,1.66,1.61,1.71,416.14,451.26,472.63,364.68,122.50,252.76,166.37,159.83,154.31,135.49,151.14,151.08,103.91,119.96,419.97,5.05,5.56,4167.85,6341.41,6693.95
GWP_100_AR5_GHG,UKR,Ukraine,UA11,Poltava,31245.33,29807.81,25800.97,23458.65,21114.70,20288.44,18924.19,17846.65,16438.63,16318.40,15807.92,15830.05,15985.28,16793.91,15091.46,16216.18,14896.84,13738.40,13314.11,12226.58,12428.78,12879.12,12631.49,14989.75,13195.99,11764.97,11936.63,12965.78,12061.67,11711.26,13189.96,13384.86,9258.85,8356.82,8342.76
GWP_100_AR5_GHG,UKR,Ukraine,UA12,Sumy,15164.51,14982.29,13014.52,11701.71,10483.01,10229.07,9598.40,9195.14,8402.73,8232.53,7950.90,7963.83,8099.58,8312.31,7599.06,7314.93,7161.65,7359.45,7223.50,6605.47,6826.76,6974.60,6807.90,6773.31,6160.13,5643.47,5595.86,5728.99,6135.15,6464.12,5702.11,5117.07,3973.91,3948.46,3931.39
GWP_100_AR5_GHG,UKR,Ukraine,UA13,Kharkiv,59686.64,55564.95,49416.85,44381.97,37938.57,36031.21,31231.01,29868.96,28263.38,27838.45,27104.81,26838.07,27200.50,29381.85,27338.79,27282.62,28314.99,29345.40,29046.44,24991.90,26092.91,27606.57,27362.78,24567.80,22170.18,19470.69,20615.64,19231.33,20043.32,19901.49,18684.43,19262.05,12460.67,12429.73,12093.99
GWP_100_AR5_GHG,UKR,Ukraine,UA14,Chernihiv,15022.59,14779.13,12648.94,11519.82,10359.17,9979.94,9049.85,8688.71,7898.71,7548.44,7254.57,7200.90,7350.59,7437.41,6959.61,6679.73,6732.57,7211.32,7147.24,6567.61,6817.93,7139.93,7098.38,7176.93,6493.18,5810.36,6121.25,6033.61,5966.49,6064.89,5709.86,5903.23,4888.85,4613.75,4579.59
GWP_100_AR5_GHG,UKR,Ukraine,UA21,Donets'k,216145.19,198468.79,178854.34,158746.21,130537.92,128131.16,106495.53,102701.23,99817.43,100640.07,101020.77,99914.77,100045.22,107793.78,104772.36,99912.78,100802.08,107081.92,102399.85,85929.52,91901.67,98555.85,96917.20,93740.35,79861.17,65135.71,64156.52,55849.33,61325.55,58588.24,55262.93,50931.36,32051.86,32437.64,30756.35
GWP_100_AR5_GHG,UKR,Ukraine,UA22,Luhans'k,68536.33,62513.51,57079.72,48995.81,41125.22,39330.09,33889.48,32549.44,31062.29,31692.57,31415.61,32264.27,32654.46,35200.78,35062.40,33692.46,34381.85,35736.79,34065.56,28636.53,30674.08,33687.33,32489.37,32113.30,28761.11,21877.82,22352.06,18968.79,19934.27,19402.54,19494.37,17851.50,11730.60,11492.00,11088.78
GWP_100_AR5_GHG,UKR,Ukraine,UA31,Dnipropetrovs'k,133320.88,123597.78,118351.18,101807.32,83270.08,83760.71,69023.18,67784.14,66854.56,67468.90,68743.22,68641.99,68527.96,73004.91,74960.19,69011.83,71269.10,76799.54,73107.04,60819.43,65168.72,70068.31,69460.36,66651.40,58743.70,48880.22,46406.52,41230.18,44523.78,38482.69,37227.13,34125.75,19838.26,19758.41,18836.05
GWP_100_AR5_GHG,UKR,Ukraine,UA32,Zaporizhia,86464.86,80522.65,68015.59,60878.74,51112.18,49883.99,43710.04,41534.09,39504.90,39668.50,39675.74,39408.68,38686.09,41779.86,39717.20,38622.56,36048.29,35492.24,33252.31,28137.04,29441.12,30523.35,29427.66,28136.41,23908.77,20750.89,20467.72,19238.10,20402.32,19006.40,19162.99,18546.60,11608.26,11918.05,11515.25
GWP_100_AR5_GHG,UKR,Ukraine,UA33,Kirovohrad,10736.99,10761.61,9418.87,8179.09,7075.80,7038.27,6409.19,6110.68,5513.15,5383.89,5193.99,5172.53,5267.13,5497.90,4698.84,4418.55,4383.48,4394.43,4356.91,4009.57,4172.96,4363.36,4257.98,4271.15,3953.73,3621.53,3809.25,3854.05,3844.24,3873.50,3700.02,3838.87,3040.24,3016.26,2989.78
GWP_100_AR5_GHG,UKR,Ukraine,UA41,Mykolayiv,14235.89,13969.69,12550.01,10630.00,9089.57,8868.11,7922.56,7610.25,6952.08,6825.91,6614.15,6622.46,6741.56,7149.53,6548.71,6316.75,6315.76,6404.65,6316.20,5347.45,5608.32,5938.37,5653.74,5673.72,5207.37,4796.62,4990.57,4968.45,5029.11,5065.97,4933.68,5108.40,3933.26,3923.68,3909.28
GWP_100_AR5_GHG,UKR,Ukraine,UA42,Odessa,30918.88,30070.05,26664.65,23671.91,20694.64,19969.30,18360.09,17243.01,15796.42,15898.19,15386.00,15406.62,15516.60,16752.80,14562.16,16664.38,14912.63,13431.68,13162.65,11166.16,12061.05,13254.14,12404.43,12198.09,11061.22,9882.45,11310.86,10551.12,10138.18,9848.97,10744.52,10986.88,8027.74,8127.57,7954.17
GWP_100_AR5_GHG,UKR,Ukraine,UA43,Kherson,10236.44,10055.41,8712.12,7649.01,6701.12,6597.14,5943.29,5667.38,5097.03,4961.10,4775.13,4789.96,4891.48,5056.82,4457.35,4282.14,4227.02,4230.23,4234.51,3907.34,4035.07,4268.61,4146.44,4197.25,3913.63,3558.34,3730.16,3770.25,3742.56,3776.23,3606.62,3734.25,2903.22,2874.96,2849.80
GWP_100_AR5_GHG,UKR,Ukraine,UA44,Crimea,17358.18,17247.93,14945.60,13164.31,11237.76,11208.00,10447.21,10084.62,9298.47,9356.91,9147.61,9252.80,9405.03,10108.63,8594.23,9127.90,8505.58,8330.22,8288.53,7327.86,7764.02,8294.29,7912.62,7744.49,7067.08,6358.12,7048.05,6894.85,7705.71,8023.63,8162.65,8369.98,6327.80,6539.63,6512.62
GWP_100_AR5_GHG,UKR,Ukraine,UA45,Sevastopol',3847.19,3865.02,3513.08,2997.10,2498.33,2499.14,2298.59,2154.04,1976.75,2027.07,1974.21,1976.91,1979.77,2208.05,1704.52,2020.91,1758.80,1462.97,1438.91,1270.18,1350.24,1449.25,1368.76,1341.00,1233.73,1100.23,1326.25,1227.73,1177.06,2194.32,2447.78,2473.63,1767.63,1875.41,1850.94
GWP_100_AR5_GHG,UKR,Ukraine,UA51,Vinnytsya,29109.96,27910.60,25561.49,23265.59,19883.31,19048.13,15846.07,14994.20,13986.19,13518.89,13020.30,12638.23,13012.76,14011.34,12077.22,11678.67,12772.01,13689.05,13752.94,12479.58,13224.88,14015.23,14323.24,14403.70,12881.71,11126.64,11889.04,10810.40,11043.16,11029.73,10066.84,9923.17,7568.67,7448.39,7132.46
GWP_100_AR5_GHG,UKR,Ukraine,UA52,Ternopil,8853.25,8600.78,7402.31,6748.00,6070.25,5876.13,5437.64,5066.88,4544.81,4393.05,4178.56,4128.48,4209.69,4256.63,3921.51,3742.28,3664.48,3674.06,3636.98,3361.00,3483.44,3612.11,3549.10,3601.31,3298.10,2978.84,3133.05,3145.21,3136.26,3110.56,2960.63,3042.88,2405.61,2368.32,2348.67
GWP_100_AR5_GHG,UKR,Ukraine,UA53,Khmel'nyts'kyy,15142.74,14585.94,12799.59,11299.71,10011.55,9562.51,8705.98,8322.38,7605.29,7371.31,7090.31,7093.61,7236.62,7431.80,7375.31,7209.41,7146.70,7415.79,7278.56,6159.48,6455.29,6822.80,6530.48,6585.41,6020.71,5528.42,5770.15,5755.72,5791.86,5849.56,5689.40,5891.17,4517.68,4488.84,4469.21
GWP_100_AR5_GHG,UKR,Ukraine,UA61,Kiev,42982.89,41138.84,34225.84,31122.27,26414.54,25396.97,22231.19,21004.79,19666.29,19268.63,18591.31,18397.37,18502.83,20403.68,17218.37,16613.09,16525.49,17078.57,16881.94,15181.09,16107.07,16684.02,16550.51,16517.07,14411.02,12516.81,13168.11,12312.94,12748.54,12582.33,11879.48,11941.47,9058.64,9174.99,8986.68
GWP_100_AR5_GHG,UKR,Ukraine,UA62,Cherkasy,20766.88,19948.13,17694.75,15367.32,13305.60,12947.81,12174.54,11868.41,10809.23,10918.10,10672.36,10699.82,11097.37,11632.76,10552.63,10623.30,10633.61,11281.88,11009.79,8737.71,10003.19,11325.27,10593.24,10133.11,8763.04,7684.72,7934.89,7381.03,7369.58,7767.61,7599.45,7541.10,5481.80,5571.58,5597.88
GWP_100_AR5_GHG,UKR,Ukraine,UA63,Kiev City,41596.76,38952.14,31140.87,28064.48,23699.30,22673.15,20742.08,18969.08,17537.65,17580.78,16919.47,16830.83,16547.30,18495.91,15184.96,14788.80,13474.09,12533.82,12018.04,10528.22,11191.59,11280.08,10761.74,10500.98,8712.82,7325.32,7691.99,7161.79,7640.50,6824.53,7100.30,7138.37,5239.29,5491.66,5533.21
GWP_100_AR5_GHG,UKR,Ukraine,UA71,Zakarpattia,9014.44,8836.74,7697.53,6898.19,6115.15,5972.27,5435.51,5070.39,4595.03,4474.84,4280.43,4223.42,4305.24,4470.88,4018.78,3833.44,3776.27,3799.50,3774.62,3475.70,3624.33,3692.77,3611.19,3681.25,3284.32,2972.02,3090.05,3067.79,3090.33,3042.04,2882.29,2924.98,2417.08,2413.84,2423.02
GWP_100_AR5_GHG,UKR,Ukraine,UA72,Ivano-Frankivs'k,27546.17,25369.42,23927.76,22010.47,18405.21,17379.74,13581.07,12936.34,12468.37,12094.44,11700.74,11269.88,11632.67,12907.43,11792.70,11710.38,13429.87,14413.23,14538.00,12666.35,13545.35,14593.58,15021.47,15141.22,13246.97,11150.79,11991.86,10338.75,10809.96,10759.77,9658.41,9323.99,6595.42,6546.42,6172.18
GWP_100_AR5_GHG,UKR,Ukraine,UA73,L'viv,25443.56,23904.99,21544.66,18883.64,16267.56,15618.53,13701.67,13111.31,12215.27,11983.14,11604.50,11645.49,11885.95,12595.86,12453.37,12314.72,12660.14,13216.56,13027.35,10828.37,11434.54,12171.19,11795.03,11878.32,10587.35,9512.09,9953.87,9512.24,9743.04,9744.65,9372.52,9557.58,7103.67,7117.49,7066.52
GWP_100_AR5_GHG,UKR,Ukraine,UA74,Chernivtsi,6063.08,5939.98,5071.92,4653.38,4194.56,4085.65,3789.27,3539.35,3198.46,3090.30,2947.17,2924.14,2995.18,3053.49,2854.54,2742.61,2701.88,2769.40,2760.36,2530.16,2645.43,2699.31,2637.46,2694.05,2435.84,2177.34,2277.58,2271.00,2292.05,2249.41,2128.46,2185.91,1778.42,1778.79,1779.17
GWP_100_AR5_GHG,UKR,Ukraine,UA81,Volyn,10622.37,10478.57,9058.19,8166.38,7305.57,7087.63,6506.62,6131.30,5554.78,5366.03,5111.03,5103.49,5160.27,5280.28,4853.78,4621.39,4552.88,4753.03,4749.69,4400.16,4551.25,4744.74,4677.52,4803.08,4524.04,4113.79,4558.82,4239.94,4187.28,4244.00,4076.69,4353.59,3146.32,3070.39,3048.47
GWP_100_AR5_GHG,UKR,Ukraine,UA82,Zhytomyr,12994.02,12888.80,11115.56,9981.40,8949.55,8727.22,8065.13,7641.69,6899.77,6672.18,6383.70,6372.53,6452.67,6576.11,6052.22,5782.33,5689.90,5972.31,5923.02,5459.26,5665.89,5870.16,5767.76,5804.51,5310.64,4841.31,5116.53,5172.12,5116.57,5240.34,4927.61,5048.92,3867.46,3829.79,3813.81
GWP_100_AR5_GHG,UKR,Ukraine,UA83,Rivne,14887.34,14039.25,12393.66,10829.85,9641.57,9177.09,8554.97,8383.28,7812.31,7734.92,7544.82,7652.74,7766.19,8061.59,8540.28,8594.93,8545.13,9128.52,8922.78,6921.90,7671.24,8453.78,7735.11,7681.64,6716.23,6128.66,6287.16,6039.48,6074.09,6368.80,6351.11,6523.33,4610.42,4658.02,4688.03
GWP_100_AR5_GHG,URY,Uruguay,,,28901.40,30699.43,32545.88,33281.02,33442.13,33792.98,35240.75,34971.96,34510.85,35653.49,33828.88,33479.99,34179.69,35132.91,37148.85,37303.04,39334.07,38502.04,42110.14,41493.45,38463.70,39678.07,40266.97,39073.10,39229.11,39672.97,39879.99,39014.35,38661.45,39238.15,38604.94,42271.81,41110.43,42927.18,44627.15
GWP_100_AR5_GHG,USA,United States,,,207189.25,199399.21,195763.48,197719.90,202163.40,198251.81,206610.60,203851.36,206035.37,210097.41,220357.92,211467.43,193870.28,191666.71,197653.93,202855.27,193214.55,190861.50,175395.11,164174.93,164621.61,176869.72,176946.39,177889.76,180226.92,189690.11,196842.51,204340.88,208792.88,210735.71,136835.20,171344.62,192715.19,200625.34,205964.50
GWP_100_AR5_GHG,USA,United States,USA.1_1,Alabama,143384.81,145477.07,147330.09,147935.02,149805.70,155465.80,155451.27,162704.25,162749.54,162992.03,165271.90,162756.82,154789.77,157660.61,161467.81,161247.55,149922.19,151625.40,149595.50,138884.59,145993.19,141255.35,130484.80,125947.88,129418.39,121283.39,123341.62,122504.58,125836.55,115271.95,109928.78,115267.40,119156.75,117088.11,119166.90
GWP_100_AR5_GHG,USA,United States,USA.10_1,Florida,209694.06,213100.54,219633.97,227817.66,233748.60,232605.63,246191.36,275489.62,288225.07,285852.44,278905.04,277550.14,260713.28,265859.66,268199.46,271859.24,258743.43,260160.70,251952.28,244371.21,251190.80,245166.35,242296.13,248148.77,252358.30,253244.23,256586.58,251861.95,266526.35,264965.28,251669.55,274690.09,280751.44,266004.67,271346.13
GWP_100_AR5_GHG,USA,United States,USA.11_1,Georgia,182013.25,180203.78,183718.62,189472.92,193309.24,195882.73,203321.42,213086.38,217807.00,219256.54,229505.98,228295.48,222646.98,226962.48,229114.86,228666.33,220466.81,224490.51,219057.07,202019.62,211634.22,200620.93,188701.23,189184.42,195122.06,185987.84,178317.47,168887.49,177439.79,167675.85,158693.15,170458.56,176222.37,164427.94,167526.40
GWP_100_AR5_GHG,USA,United States,USA.12_1,Hawaii,12247.23,12635.18,13554.26,13984.55,13962.65,12800.39,13468.94,16929.35,18801.99,17715.76,17050.55,17317.83,13937.52,14853.14,14960.80,14882.25,12969.22,12947.12,12202.22,11571.76,11885.54,10931.69,10296.81,11460.64,11825.15,11536.94,11527.54,11614.91,12837.93,12432.67,11946.33,13135.25,13672.15,12745.69,12918.91
GWP_100_AR5_GHG,USA,United States,USA.13_1,Idaho,47951.53,48249.83,49272.59,50405.84,51556.02,52198.46,52944.12,54323.08,54763.82,55335.61,53371.05,52908.68,53144.20,53297.41,53439.80,52905.67,52609.79,52241.64,51278.66,49606.25,53149.95,50541.75,50631.30,48731.30,49738.95,53869.06,54848.79,55370.90,56371.75,57388.75,54996.28,59024.74,59441.81,58398.07,58407.97
GWP_100_AR5_GHG,USA,United States,USA.14_1,Illinois,243745.42,238050.93,240869.56,246077.08,247433.96,243756.47,246317.64,254640.93,253292.03,249784.17,264309.46,266185.59,264286.32,263902.40,261270.32,268991.82,261849.50,265297.89,254800.64,230467.75,241556.97,232963.56,241175.69,233181.88,236394.35,233705.00,218399.03,213711.48,214438.78,204403.39,189011.55,201774.85,205971.10,196188.55,198728.30
GWP_100_AR5_GHG,USA,United States,USA.15_1,Indiana,239926.01,232947.50,229662.65,235612.21,238297.88,252650.15,251294.41,257418.32,264815.95,258472.66,273932.69,267390.02,267629.32,270157.99,278527.71,268128.87,267960.49,269343.85,263889.54,228250.95,243330.41,228309.36,217709.01,231286.76,240242.69,223666.03,215393.35,207253.66,210775.22,199292.56,169653.21,190797.74,192375.14,177024.48,170713.04
GWP_100_AR5_GHG,USA,United States,USA.16_1,Iowa,116814.43,115429.03,116383.46,118972.99,121354.11,123104.96,127117.73,128832.57,128996.65,129603.92,142758.51,140645.17,133409.02,136109.21,139542.29,139163.43,136815.00,147140.35,144286.90,136269.48,146499.07,141186.69,136089.90,138704.48,142961.34,141606.64,138116.02,139662.06,142476.15,132450.96,119809.72,129093.92,126224.52,122092.59,114307.17
GWP_100_AR5_GHG,USA,United States,USA.17_1,Kansas,106792.59,104551.85,106657.26,109138.75,111127.68,113116.04,116105.78,120232.29,120788.61,121037.35,125669.25,125003.84,123991.37,124861.56,126288.46,127318.60,126973.66,128082.96,124879.41,118029.68,122820.42,120482.52,111061.10,115777.89,110731.82,108728.52,108541.77,109266.48,106611.26,99265.02,92502.65,93202.52,92001.96,89848.98,80159.11
GWP_100_AR5_GHG,USA,United States,USA.18_1,Kentucky,153487.64,150420.44,154100.10,159347.56,158259.94,161325.89,165962.38,171074.77,170433.23,172750.31,182054.38,188663.45,186678.78,188441.43,178987.25,184778.60,183626.64,184628.98,182924.13,177732.33,173977.88,165487.36,152103.80,156377.29,161018.77,147511.37,145749.43,148095.54,145362.96,137666.30,122511.99,140136.79,121300.70,113166.67,115014.58
GWP_100_AR5_GHG,USA,United States,USA.19_1,Louisiana,164463.16,163289.32,163272.11,163465.43,166695.76,172662.87,175506.36,177932.84,177712.67,182185.62,196359.11,187812.73,176626.18,174173.68,178568.40,177549.06,174557.63,176010.70,172708.32,164424.41,178598.77,163356.25,161815.84,163017.16,166364.09,169725.94,174431.54,168816.28,174820.30,172667.64,169928.03,178092.86,179375.09,164472.35,160967.16
GWP_100_AR5_GHG,USA,United States,USA.2_1,Alaska,23366.55,23066.74,22816.53,22913.06,23397.38,23679.26,24074.25,24182.42,25329.26,25516.36,28676.33,27833.26,24595.92,24967.47,25452.35,25226.90,24383.50,24736.89,24029.59,22887.57,24746.15,23320.19,23147.35,23204.62,24080.50,25281.09,27211.01,25585.58,25366.67,26298.00,26354.99,28138.37,31416.90,28131.20,28417.90
GWP_100_AR5_GHG,USA,United States,USA.20_1,Maine,26639.40,28353.44,30974.96,30627.83,31341.70,32828.01,34252.37,40043.02,40806.54,42005.45,34005.98,33473.85,30702.93,30748.84,31447.76,30941.32,28407.38,28344.77,26690.45,25471.56,26417.83,25302.51,24864.84,25153.86,25199.25,25639.61,25032.23,24629.99,25849.03,24871.47,23507.78,24924.15,25663.09,25053.63,25362.70
GWP_100_AR5_GHG,USA,United States,USA.21_1,Maryland,69040.97,72508.46,73989.26,75772.57,76795.40,77608.77,81054.31,86200.40,87683.32,89336.78,88967.66,86814.04,84381.56,85135.84,86271.85,83883.77,77909.46,76894.31,74792.91,70679.20,73444.18,65901.64,58498.17,61118.85,62686.36,62167.76,60704.46,61440.95,66647.48,65766.08,61111.03,67262.84,68155.32,66192.42,67537.49
GWP_100_AR5_GHG,USA,United States,USA.22_1,Massachusetts,55490.41,56261.03,57558.08,57708.33,58429.54,55526.45,57808.18,66631.38,69321.82,67680.55,64046.70,64377.42,58656.52,61294.38,61911.52,62049.71,56502.01,58257.57,55076.23,53009.03,53914.45,52576.94,51863.22,53439.61,54368.17,55731.73,54331.69,53078.11,56828.68,57974.72,54574.01,57018.46,58458.32,57218.29,58100.79
GWP_100_AR5_GHG,USA,United States,USA.23_1,Michigan,165468.60,162106.79,164273.24,166879.69,167525.24,169117.21,172172.40,179040.53,177961.52,177694.03,176400.18,173923.09,171637.17,169037.12,172621.36,169909.78,167572.72,169080.41,160554.79,143277.63,144937.44,141566.52,137301.56,141317.13,143167.45,141047.82,138502.93,138241.72,143165.82,140784.19,129065.07,128206.70,131426.11,128235.79,129467.90
GWP_100_AR5_GHG,USA,United States,USA.24_1,Minnesota,112925.28,112233.89,112949.70,115981.57,118092.80,119221.33,123151.04,128393.34,128112.95,124407.48,124875.45,124734.82,124457.45,125971.01,127306.22,125649.17,124681.43,126602.93,123905.94,118820.29,122764.74,119035.96,114784.44,120206.33,119893.01,118296.43,118403.15,111961.53,110017.91,109202.96,101797.68,104028.59,107098.67,105143.51,106340.99
GWP_100_AR5_GHG,USA,United States,USA.25_1,Mississippi,101125.59,99509.65,99644.21,101021.95,103529.63,116246.90,118280.60,120375.63,120040.59,122893.52,129841.62,132116.12,126555.95,128469.27,134490.98,134700.99,135408.47,137381.36,131333.18,118069.89,127557.19,120978.85,120463.70,121864.84,126903.32,127195.87,126277.91,124982.20,124364.54,120559.90,115305.16,120121.56,119407.70,117736.92,118213.12
GWP_100_AR5_GHG,USA,United States,USA.26_1,Missouri,144536.72,142088.96,145263.94,149957.90,152364.48,154232.26,160635.13,168320.91,169446.45,169287.29,176341.55,177388.86,172425.06,174728.19,177318.79,178644.53,176548.00,178003.84,169983.70,154866.08,160602.94,152130.10,140461.01,136924.59,135782.02,132844.55,132786.02,125582.45,119341.06,116985.16,108334.31,112220.59,112071.33,102367.50,103270.82
GWP_100_AR5_GHG,USA,United States,USA.27_1,Montana,71695.60,68469.47,69575.25,70483.83,71245.55,72428.80,73695.39,75724.78,75865.91,75174.21,76295.68,76752.83,76483.91,77399.74,77992.76,77856.42,79601.76,79718.91,78085.07,71613.11,74183.18,73041.86,69329.95,70564.31,71413.75,69854.40,65381.15,62743.44,65387.23,64441.11,57642.04,63753.83,65925.07,62945.57,63781.08
GWP_100_AR5_GHG,USA,United States,USA.28_1,Nebraska,70866.92,69684.86,70851.65,72617.37,74101.25,74596.66,76884.36,79361.85,80084.39,80001.57,82428.97,82627.25,81239.42,83090.43,82589.56,83112.49,81922.69,82660.90,80548.20,80879.47,85459.43,86439.11,81924.97,85299.91,86831.57,84775.03,85177.65,85889.45,88997.50,86585.71,70573.01,76764.85,76774.13,67262.07,67858.96
GWP_100_AR5_GHG,USA,United States,USA.29_1,Nevada,39881.55,39567.78,40630.70,42891.26,44148.12,44537.70,45891.18,47567.19,49134.38,49345.70,52848.45,52903.60,52486.31,54489.67,56227.66,57135.87,57279.99,58600.78,61436.14,57388.63,60197.82,59939.94,45943.60,47065.90,47595.02,48511.12,48737.34,46935.57,49625.48,49719.11,46468.79,50054.36,48727.11,48275.73,46362.54
GWP_100_AR5_GHG,USA,United States,USA.3_1,Arizona,91011.02,89421.00,91341.75,94981.36,97170.26,96725.17,99534.74,103283.60,105426.96,105614.58,110484.85,112421.00,115400.42,119129.10,121613.21,123524.01,127555.04,130284.67,129407.11,125771.35,131659.18,130354.13,126041.62,130801.20,135218.39,126782.59,120979.35,112537.40,117900.50,115094.26,103942.10,104162.82,104502.12,103484.44,105287.25
GWP_100_AR5_GHG,USA,United States,USA.30_1,New Hampshire,17262.08,17703.38,19202.53,18946.20,19424.68,19441.07,19226.39,20853.52,20556.83,21110.51,19413.37,18246.61,18444.89,19189.14,19450.53,19481.51,18864.33,19305.00,18702.94,15138.11,15501.46,15167.74,15098.63,15854.15,15877.10,15761.52,15409.17,15288.77,15994.67,16064.86,14967.77,15650.93,16110.43,16005.21,16201.15
GWP_100_AR5_GHG,USA,United States,USA.31_1,New Jersey,75665.86,76454.23,78265.67,78986.92,84701.06,82058.73,84030.69,89359.96,88517.64,88343.32,90736.46,86414.71,82971.95,82982.13,83233.79,82846.79,80769.02,83129.82,79863.72,77024.69,78753.10,75605.29,75146.84,76569.19,78291.68,81009.37,80895.89,79709.88,84330.50,84681.78,80069.26,83905.99,86594.20,85509.75,86944.41
GWP_100_AR5_GHG,USA,United States,USA.32_1,New Mexico,81401.78,79803.70,81421.44,83516.05,85178.62,86028.88,88496.54,91568.16,92352.69,92470.56,96292.23,97008.15,96832.86,98391.20,96329.56,94615.76,95654.61,96614.85,95901.91,90787.00,87540.57,79490.67,77725.45,87115.34,85965.92,92619.44,90761.21,80993.33,89029.60,89443.69,80723.68,87219.28,88161.54,84315.66,85231.57
GWP_100_AR5_GHG,USA,United States,USA.33_1,New York,146678.79,145836.42,148296.61,147913.20,152817.25,149224.79,153375.18,165576.05,166076.21,165916.45,166857.53,161894.55,152890.70,153748.65,154868.28,156462.76,146510.13,151251.39,143560.15,138736.03,140808.73,137187.30,134116.00,137535.30,140145.36,139991.19,136993.20,135846.27,141477.46,141746.03,133081.44,138329.17,142863.98,138775.38,140165.11
GWP_100_AR5_GHG,USA,United States,USA.34_1,North Carolina,154037.31,153927.57,159252.13,162507.69,163745.57,165671.69,171515.49,181494.86,181996.38,183335.74,183659.36,182051.39,176730.00,178121.03,181074.29,180978.12,175170.93,171749.48,169946.90,154947.97,156479.59,147133.07,149854.76,148652.70,146408.00,134535.20,123845.57,122173.98,129209.10,127787.76,120361.61,123327.24,126892.52,125624.06,120356.66
GWP_100_AR5_GHG,USA,United States,USA.35_1,North Dakota,164547.07,163771.53,163528.84,166853.00,169801.95,171967.15,176247.03,176285.85,175246.08,176110.59,190428.03,190586.92,181839.72,185556.33,187273.55,185784.42,189813.57,191159.06,192194.73,184034.75,196011.75,197348.55,195849.15,180197.14,187390.82,176320.94,159860.64,182863.73,204474.14,204351.46,175818.88,178481.94,146772.54,136423.67,138527.14
GWP_100_AR5_GHG,USA,United States,USA.36_1,Ohio,258556.41,261244.48,264894.51,271254.25,273259.38,275678.84,278585.53,289495.71,285588.44,279344.56,289558.89,287253.94,285538.59,287652.85,291564.11,292322.28,290819.55,295877.17,277569.33,249687.99,255065.95,242877.69,221670.68,232739.69,218121.65,196142.44,178228.93,175288.16,179860.29,169508.47,158808.48,170730.26,173225.63,171130.03,172002.98
GWP_100_AR5_GHG,USA,United States,USA.37_1,Oklahoma,119302.31,117571.97,118427.37,120263.46,122592.86,124653.51,126927.09,127804.70,128414.69,129707.01,141745.11,139660.92,135155.15,135995.74,138929.64,139483.83,138150.96,140423.11,138062.12,131495.29,140813.08,135739.80,131215.81,136133.69,136949.08,137677.72,137257.88,139666.81,143918.85,139798.50,124945.55,122894.76,126293.94,119276.82,120986.01
GWP_100_AR5_GHG,USA,United States,USA.38_1,Oregon,64547.57,63744.28,64547.33,65988.37,66773.85,68257.74,70025.91,72281.76,72730.70,73882.96,73040.86,71606.18,72350.10,72404.24,72964.35,72199.03,71269.73,72235.70,69875.11,66105.07,68693.81,67367.65,65684.68,67094.39,67270.52,67422.66,68029.68,67729.96,69602.92,69573.06,64712.03,63166.46,64524.03,63668.06,64116.90
GWP_100_AR5_GHG,USA,United States,USA.39_1,Pennsylvania,245506.19,248697.75,250156.52,253523.94,256080.61,255602.38,260368.60,272447.96,271327.21,267308.54,270395.14,263222.64,256758.74,259186.33,269518.02,269084.28,261124.32,265460.47,252842.64,226931.00,217182.74,199683.54,185117.58,180014.25,176755.76,173642.84,169878.46,169219.07,174061.39,177681.54,164961.98,175708.75,179794.89,178026.15,180302.14
GWP_100_AR5_GHG,USA,United States,USA.4_1,Arkansas,93543.21,93865.97,97396.96,98965.15,102236.99,108527.89,110425.08,114460.47,115069.63,115257.05,116220.07,115629.36,113129.67,115112.67,118712.31,119215.99,117681.52,119634.10,117780.67,110221.73,124572.10,117701.87,118909.30,122385.23,128956.10,125321.07,126665.23,125251.82,130786.90,121254.26,113993.46,118190.40,111207.17,110334.79,103583.53
GWP_100_AR5_GHG,USA,United States,USA.40_1,Rhode Island,8199.71,8259.28,8442.15,8311.19,8495.55,8466.04,8596.86,8868.94,8665.96,8716.11,9644.94,9382.95,10013.25,9681.10,9740.64,9761.10,9535.50,9897.09,9446.73,9255.05,9437.78,9315.23,9440.62,9558.31,9653.24,10103.51,10113.62,9906.83,10411.15,10563.47,10041.31,10330.80,10670.09,10615.65,10772.60
GWP_100_AR5_GHG,USA,United States,USA.41_1,South Carolina,78122.58,78851.74,79957.91,81939.93,83246.60,90076.66,95965.15,102273.66,103467.44,106298.15,105583.61,103401.54,100930.60,101457.91,105026.40,103948.79,102404.13,107257.30,109387.78,101969.99,108588.86,99139.63,92095.22,96393.29,93501.72,90958.06,87752.18,87547.01,89904.85,87901.35,81913.94,88428.41,87597.50,86016.46,87807.50
GWP_100_AR5_GHG,USA,United States,USA.42_1,South Dakota,35437.58,34807.06,35467.29,36337.44,37340.97,37344.22,38278.37,39353.54,40092.83,40234.33,40854.70,40721.77,40823.29,41535.16,41701.85,41786.37,41744.08,41783.82,40366.91,38784.37,40033.22,39117.53,38136.78,39580.66,39708.82,40109.96,36761.20,36651.55,37772.03,37386.63,34804.02,36866.97,37520.99,37002.29,37108.02
GWP_100_AR5_GHG,USA,United States,USA.43_1,Tennessee,122075.52,120685.46,122743.91,124669.44,126101.31,122900.82,118633.95,119316.93,115716.01,116328.54,106898.36,106487.86,106624.18,107337.72,108690.81,109222.57,108603.88,110113.45,100090.10,94872.27,100178.93,97125.73,94930.25,98496.70,76893.52,78263.38,76433.11,75562.11,80648.77,80431.44,75843.26,79396.36,81263.11,80128.93,80786.03
GWP_100_AR5_GHG,USA,United States,USA.44_1,Texas,533145.33,527720.62,539527.28,551124.08,562463.05,564114.36,576438.52,597961.77,604430.91,603173.69,636922.54,637359.14,634644.86,638929.87,645596.65,647780.34,651858.35,661952.44,656911.59,626119.24,677540.35,665912.09,650317.39,691257.42,717060.11,717163.97,705685.85,706090.25,713717.39,718478.19,657321.82,670257.01,716109.92,712073.89,724439.00
GWP_100_AR5_GHG,USA,United States,USA.45_1,Utah,68732.06,66801.84,67886.19,70745.51,71708.13,73023.74,79393.90,83087.32,83644.40,82622.43,84664.12,85270.50,84681.60,85903.99,87274.75,87989.73,87941.21,89533.13,89150.55,83548.93,87443.54,85168.32,80019.23,84777.81,88927.86,80649.85,81142.80,81584.60,80899.75,74851.64,67400.45,72699.91,74663.40,72928.87,69363.28
GWP_100_AR5_GHG,USA,United States,USA.46_1,Vermont,9140.90,9280.03,9696.44,9750.40,10007.46,9942.05,10301.87,11091.86,11142.30,11452.55,10543.77,10412.15,10249.10,10364.05,10501.58,10445.84,10103.48,10236.47,9726.90,9344.98,9610.95,9380.12,9083.41,9372.52,9372.93,9508.94,9358.34,9358.17,9664.55,9631.27,8802.61,9367.67,9551.02,9248.89,9281.87
GWP_100_AR5_GHG,USA,United States,USA.47_1,Virginia,112820.83,112445.11,121096.88,122352.23,125573.88,128658.15,137288.64,150307.06,151360.82,151549.96,141761.13,140029.81,130447.90,131335.08,134730.82,131731.00,125835.35,127438.62,124064.94,118069.91,117999.57,114329.00,117019.37,121628.90,125778.79,125470.22,124882.09,124954.18,132847.87,131810.38,123322.30,132953.60,137315.65,134682.68,136994.27
GWP_100_AR5_GHG,USA,United States,USA.48_1,Washington,94662.32,94367.99,95520.92,97658.39,98608.13,101477.39,105637.86,109088.66,108829.13,109725.17,107643.11,103439.75,102742.09,102975.90,104173.89,103075.24,101520.85,102878.61,100651.65,95414.73,99383.30,97375.50,95152.10,91924.32,84139.80,85592.89,85160.85,85401.48,87753.47,88600.27,83622.68,87787.29,89052.06,87301.91,87760.86
GWP_100_AR5_GHG,USA,United States,USA.49_1,West Virginia,135393.69,128329.01,130788.69,132095.91,130632.01,135796.63,140424.91,146536.83,146575.34,150566.96,155251.05,152037.66,148021.55,155139.89,160088.48,161786.83,156775.19,157320.03,151498.57,132413.36,138866.17,143654.07,117307.67,109413.80,90653.41,79707.44,74587.42,76572.82,76677.29,74838.69,61393.38,52261.18,51861.66,50733.26,50690.50
GWP_100_AR5_GHG,USA,United States,USA.5_1,California,426487.46,423353.24,430079.12,434966.98,446235.98,437520.72,444947.87,460789.31,462958.53,464020.47,453284.04,449333.46,451624.86,452324.97,456436.22,455107.74,452689.06,456207.81,444148.81,424006.02,430933.88,419203.93,418802.13,432915.01,434937.41,434459.82,439074.97,432266.18,448287.95,451872.58,432822.86,443617.07,453909.20,447223.96,450224.80
GWP_100_AR5_GHG,USA,United States,USA.50_1,Wisconsin,116081.91,116392.45,117341.02,121165.40,123626.36,125990.37,130479.43,136523.10,136928.74,137953.35,139268.58,139361.65,136417.00,137057.81,139463.00,140556.69,136472.03,138882.57,138731.62,131244.94,136232.40,138903.67,133318.73,140318.33,144440.06,141332.85,136468.16,136648.14,141322.08,133253.22,121615.73,129935.08,129874.72,126075.72,128230.72
GWP_100_AR5_GHG,USA,United States,USA.51_1,Wyoming,93123.59,89996.83,91754.51,92227.52,95086.64,97548.20,100501.16,104443.60,105599.16,105059.00,107012.24,108573.88,108468.92,110009.79,110377.16,108980.59,112562.31,112514.30,112232.84,100529.84,104134.72,108945.70,101681.49,102971.09,105329.60,94783.40,86331.82,83848.80,83853.63,78520.23,64307.23,71700.46,60760.33,54782.63,54523.89
GWP_100_AR5_GHG,USA,United States,USA.6_1,Colorado,110367.55,107523.82,108503.75,111741.54,113718.42,114128.94,117746.76,121197.48,121322.76,122882.19,126194.18,125715.08,125251.80,124992.01,126956.84,125103.76,122872.24,124568.16,123756.06,117376.32,128564.28,126904.52,121520.11,128433.37,125507.42,124795.93,119505.50,117691.61,123624.01,120686.76,110036.87,112633.95,109525.24,106891.98,108205.69
GWP_100_AR5_GHG,USA,United States,USA.7_1,Connecticut,31959.52,33339.02,34336.43,34300.85,34828.86,33664.77,35493.40,40636.23,41580.61,41611.55,39189.10,39089.20,36309.29,37096.48,38109.86,38079.72,35328.04,36348.44,34755.60,30282.01,31150.27,31032.66,30362.09,31642.09,31906.72,32632.49,31634.40,31332.60,34410.93,35134.26,33448.75,35136.29,36897.55,35682.79,36165.97
GWP_100_AR5_GHG,USA,United States,USA.8_1,Delaware,17591.82,17432.20,17816.61,18376.11,18661.27,18359.30,18880.67,19602.31,19415.64,19205.69,19990.88,20284.22,19764.21,19754.23,19772.39,19882.77,19956.71,20127.15,19815.05,18966.31,19663.29,16508.40,16518.27,17087.11,17020.66,17372.96,17472.36,17296.71,18034.45,17818.39,16674.54,13831.31,14285.47,14414.34,14636.99
GWP_100_AR5_GHG,USA,United States,USA.9_1,District of Columbia,2177.56,2182.84,2209.01,2089.10,2084.39,2002.47,2117.63,2103.74,1877.52,1940.87,2011.86,1953.47,1996.04,2000.11,1973.80,1943.52,1796.16,1883.33,1881.49,1856.36,1858.63,1791.48,1663.26,1905.54,1971.09,1970.58,1926.85,1905.05,2089.77,2073.99,1937.14,2021.72,2103.29,1962.11,1986.40
GWP_100_AR5_GHG,UZB,Uzbekistan,,,163181.32,162507.30,152707.16,153378.04,150377.85,142196.08,146623.75,145086.97,160965.69,159510.43,169405.05,175014.25,185787.78,174137.07,176141.21,177252.26,189409.96,183600.86,195141.18,176548.07,192444.08,198391.61,187061.50,186468.60,178114.07,173185.33,182966.65,188052.40,185518.16,189636.08,198238.34,210478.87,206854.66,211365.69,227488.37
GWP_100_AR5_GHG,VCT,Saint Vincent and the Grenadines,,,78.48,75.99,82.41,76.26,100.19,105.28,99.43,110.23,117.59,118.46,92.36,98.93,105.92,109.61,114.40,116.84,124.37,130.60,134.37,179.00,151.54,124.98,142.81,135.65,145.31,147.62,153.40,161.30,162.19,168.83,176.02,169.36,180.05,180.70,185.24
GWP_100_AR5_GHG,VEN,Venezuela,,,163731.03,168863.81,169858.20,174299.46,188266.18,191071.16,207184.53,212132.27,217318.51,213081.72,222846.79,229059.30,230270.66,225321.01,235966.00,244969.93,247859.25,246789.20,258048.60,256019.38,260967.12,258048.97,284554.78,283656.20,281468.04,262948.95,246141.86,231081.42,210635.67,189502.82,141503.48,141326.42,160260.67,165311.50,167318.43
GWP_100_AR5_GHG,VGB,British Virgin Islands,,,29.07,29.33,29.51,29.09,29.59,29.38,34.97,35.76,36.48,36.88,39.79,40.02,43.47,47.07,48.18,50.15,57.97,61.95,68.43,77.22,84.50,69.47,71.39,79.98,84.91,86.60,92.30,82.07,81.41,102.94,100.28,100.40,104.62,105.00,108.30
GWP_100_AR5_GHG,VIR,"Virgin Islands, U.S.",,,23.92,23.99,24.06,23.92,23.96,23.87,23.76,23.65,23.51,23.34,23.17,23.99,23.99,23.98,23.97,23.98,23.96,24.17,24.20,24.18,24.16,24.24,24.21,24.28,24.44,24.40,24.44,24.48,24.49,24.49,24.47,24.49,24.50,24.48,24.48
GWP_100_AR5_GHG,VNM,Viet Nam,,,91895.18,96046.14,100519.33,107696.25,115248.25,123795.47,132299.40,139372.09,149671.34,156127.92,163642.43,168130.75,182894.48,191039.23,213415.39,225204.94,231436.66,245166.81,256198.83,275684.30,292740.41,295641.40,295460.43,304038.01,320089.47,343626.27,364378.47,370390.54,427739.95,484710.04,492955.09,486779.43,494474.38,542923.47,584257.62
GWP_100_AR5_GHG,VUT,Vanuatu,,,469.56,475.47,456.00,481.11,487.84,484.56,490.37,496.24,502.42,513.25,523.77,513.93,513.39,544.57,526.48,535.08,534.64,662.21,665.17,647.57,670.77,705.22,674.33,678.31,704.86,635.37,561.14,528.87,595.00,587.32,622.66,665.78,647.61,622.63,632.05
GWP_100_AR5_GHG,WLF,Wallis and Futuna,,,9.03,9.08,9.21,9.24,9.26,9.25,9.29,9.28,9.30,9.32,9.40,9.59,9.67,9.70,9.69,9.67,9.67,9.65,9.61,9.59,9.54,9.50,9.45,9.42,9.37,9.34,9.31,9.29,9.27,9.22,9.17,9.13,9.10,9.06,9.02
GWP_100_AR5_GHG,WSM,Samoa,,,294.42,298.64,291.46,311.97,318.33,301.18,302.82,307.26,313.71,313.92,360.79,389.35,396.83,405.95,404.34,411.91,412.79,425.45,429.11,439.58,468.76,481.33,486.58,501.31,510.01,565.82,572.09,522.59,533.74,540.55,466.64,528.59,511.56,507.96,521.65
GWP_100_AR5_GHG,YEM,Yemen,,,17507.11,19377.95,19945.90,20006.55,22593.99,23187.43,24070.23,25735.95,26702.54,29591.06,32433.29,33409.81,33739.10,38946.31,39921.69,44197.40,48728.33,50956.93,50253.03,53511.10,53020.24,47410.23,44506.90,52941.21,51661.28,31475.37,27208.25,28292.03,31816.45,33705.40,33051.04,33603.29,33562.91,32365.88,32902.76
GWP_100_AR5_GHG,ZAF,South Africa,,,407093.11,399478.72,393469.93,397687.95,404462.98,423264.36,437458.45,456821.89,464129.44,446837.18,449681.28,461086.06,475910.71,502807.98,537001.58,549402.56,553564.22,575599.44,604937.98,573052.46,581506.65,561316.59,582711.67,597176.31,610893.02,584949.94,582204.18,599071.60,600392.90,604701.92,576999.02,575429.21,556079.94,555445.29,569809.61
GWP_100_AR5_GHG,ZMB,Zambia,,,15864.14,14815.69,15380.99,14924.50,14382.82,14020.22,13659.53,13272.47,14850.21,14532.72,14009.99,15178.59,14456.21,15011.10,15273.19,16293.51,16294.64,15768.18,16702.62,18262.53,19940.94,19778.91,23269.15,24553.70,25548.04,26210.87,27061.09,29284.65,30964.71,32391.22,33012.91,34149.27,37109.06,37492.00,38519.00
GWP_100_AR5_GHG,ZWE,Zimbabwe,,,34444.16,34336.94,35259.17,30776.87,29875.13,29753.67,31258.61,30190.87,31100.08,34404.67,31243.55,31405.99,28688.62,25436.69,24607.81,25897.75,24815.71,24839.84,22233.17,22813.90,25989.58,32486.99,29533.55,29659.60,27409.79,28469.45,26592.81,26051.41,28031.08,26469.49,24793.79,27149.71,28025.63,30124.98,30784.27
